,0,1,2,3,4,5,6,7,8,9,10,11,12,13,14,15,16,17,18,19,20,21,22,23,24,25,26,27,28,29,unknoting_number
0,-2,-2,-2,-2,-2,-2,-1,2,-2,-2,2,-2,2,1,1,-1,-1,2,-2,1,1,-2,1,-1,-2,-1,1,1,1,-1,5
1,-2,-2,-2,-2,-2,-2,-1,2,-1,-1,1,-2,-1,-2,-2,2,1,-2,-2,2,-2,2,-2,-1,2,-1,-1,-1,-1,-2,8
2,-2,-2,-2,-2,-2,-2,2,-1,2,2,-2,-1,1,2,2,1,-2,1,1,-2,-2,-2,1,-2,2,2,-1,2,1,1,8
3,-2,-2,-2,-2,-2,-2,2,1,-1,2,-2,2,-2,2,-2,1,-2,2,-1,-1,2,2,-2,-2,-2,1,2,2,2,-1,4
4,-2,-2,-2,-2,-2,-1,-2,2,2,1,-1,-2,1,-1,-2,1,-1,-2,-2,-2,1,2,-2,-1,1,-2,-1,1,1,1,4
5,-2,-2,-2,-2,-2,-1,-1,-2,-2,-2,1,-1,1,-2,-1,2,-1,-2,-2,-1,1,1,-2,2,-1,1,-1,1,-1,-2,9
6,-2,-2,-2,-2,-2,-1,-1,-1,1,1,1,-2,1,1,-2,2,1,-1,-1,-1,-1,-1,2,2,-1,-1,-2,-2,-1,1,5
7,-2,-2,-2,-2,-2,-1,1,-2,-2,1,1,-2,2,2,-2,1,-1,-1,-1,1,1,2,-1,-2,-1,-2,1,-2,-2,-2,7
8,-2,-2,-2,-2,-2,-1,1,1,2,1,-2,1,-2,-2,1,-1,-1,1,2,-2,-2,-2,-2,-1,-2,1,1,2,1,-2,5
9,-2,-2,-2,-2,-2,1,-2,-1,-2,-1,1,2,-1,1,-1,1,-1,-2,1,-2,1,2,-2,-2,1,-1,-1,1,2,-1,6
10,-2,-2,-2,-2,-2,1,-2,2,2,1,-2,1,1,2,1,-2,1,-2,-1,1,-1,2,1,1,-2,-1,-1,1,1,1,3
11,-2,-2,-2,-2,-2,1,-1,-2,-1,-1,2,-2,2,-2,-1,-1,1,2,1,-1,2,-1,2,2,2,-2,1,-1,-2,-2,6
12,-2,-2,-2,-2,-2,1,-1,-2,-1,2,2,-2,-1,1,-1,2,2,1,2,2,1,-2,1,-2,-2,-2,2,2,-2,-2,6
13,-2,-2,-2,-2,-2,1,1,1,2,-1,2,2,2,-2,2,1,2,1,-2,1,-2,-1,-2,1,1,-2,-1,1,1,1,8
14,-2,-2,-2,-2,-2,1,2,-2,-1,2,1,1,2,-2,2,-2,1,-2,2,-1,-2,-1,-1,1,-1,-1,-1,-1,1,-2,6
15,-2,-2,-2,-2,-2,2,-1,-1,1,-1,-1,1,2,-1,-1,2,1,2,-2,1,-2,1,1,1,-2,-2,1,2,2,2,4
16,-2,-2,-2,-2,-2,2,-1,1,-1,2,2,1,2,2,1,1,2,1,2,2,2,-2,-1,2,-2,1,1,-1,-1,2,3
17,-2,-2,-2,-2,-2,2,-1,2,-1,1,2,1,1,-2,-1,2,-2,2,-2,-1,2,-1,2,-1,-2,2,-2,-1,-2,-1,4
18,-2,-2,-2,-2,-2,2,1,-1,1,2,-1,2,2,2,2,-1,1,1,-1,2,-1,-1,-2,-1,1,1,-1,2,1,2,5
19,-2,-2,-2,-2,-2,2,2,-1,1,1,-1,-2,-2,-1,-2,-1,-2,2,2,-2,-1,2,2,2,1,1,-1,-1,-1,-2,6
20,-2,-2,-2,-2,-2,2,2,-1,1,2,2,-1,-1,-1,2,1,-2,-2,-1,-2,1,-2,1,2,-2,-2,2,-1,2,-2,3
21,-2,-2,-2,-2,-1,-2,-2,-1,-1,-1,2,-2,2,1,-1,-2,2,-1,2,-1,2,-1,-2,-2,2,-2,1,-1,2,-2,6
22,-2,-2,-2,-2,-1,-2,-2,-1,1,-2,-2,-1,2,-2,-1,-1,2,2,1,2,2,-1,-1,2,1,-2,2,-1,-2,-1,5
23,-2,-2,-2,-2,-1,-2,-2,1,-2,-1,-2,1,2,-1,1,2,-1,2,-1,-2,1,1,2,-1,1,-2,2,-1,-1,-2,6
24,-2,-2,-2,-2,-1,-2,-2,2,-1,-2,-2,2,2,1,-2,2,1,-2,-1,2,2,1,-1,1,-1,-1,2,2,-1,-2,3
25,-2,-2,-2,-2,-1,-2,-1,-2,-2,2,-1,1,2,-2,-1,1,1,2,-2,1,-2,-2,-2,-2,-2,1,2,-1,2,-2,7
26,-2,-2,-2,-2,-1,-2,-1,-1,1,1,1,-2,-2,-1,1,-2,1,2,1,1,-2,1,1,2,1,1,1,2,2,1,4
27,-2,-2,-2,-2,-1,-2,1,-1,1,1,1,1,-2,1,1,2,1,1,-1,2,2,-1,1,1,1,-1,2,-1,1,1,3
28,-2,-2,-2,-2,-1,-1,-2,2,-2,-1,1,-1,1,-1,-2,2,-1,-2,2,1,2,-2,-1,-1,1,-2,-2,-2,2,-2,6
29,-2,-2,-2,-2,-1,-1,-1,2,-1,1,-1,2,-1,2,-1,-1,-1,-2,-2,1,-1,-1,-1,-1,-1,2,1,1,2,1,5
30,-2,-2,-2,-2,-1,-1,1,-2,-1,2,1,-1,2,1,-2,1,-2,1,1,2,2,-1,1,-1,2,-1,-2,1,-1,1,5
31,-2,-2,-2,-2,-1,-1,1,1,2,2,-2,1,-2,-1,1,-2,-2,1,-2,1,1,2,1,-2,1,-1,2,-1,2,-1,3
32,-2,-2,-2,-2,-1,-1,1,2,-2,-2,2,2,1,2,-1,2,1,2,1,-2,-2,-1,2,-1,-1,-2,1,2,1,-2,3
33,-2,-2,-2,-2,-1,-1,1,2,-1,2,-2,1,-1,-2,2,1,2,2,1,-1,1,1,1,-1,2,-1,-1,2,2,1,5
34,-2,-2,-2,-2,-1,-1,2,-2,-1,2,2,-1,1,1,1,1,2,-2,2,-2,-2,2,1,-2,1,2,-1,-1,1,-2,5
35,-2,-2,-2,-2,-1,-1,2,1,2,-2,1,-2,1,2,1,1,2,-1,-1,-1,-1,-2,-1,-1,2,-2,1,1,2,1,5
36,-2,-2,-2,-2,-1,1,1,2,-2,1,2,-1,-1,2,-2,1,-2,-1,1,-2,-2,1,2,2,2,-2,-2,1,2,-2,3
37,-2,-2,-2,-2,-1,1,1,2,-1,-1,-1,1,1,-1,-2,2,2,1,2,-2,-1,-2,-1,-2,-2,2,-2,-1,-2,-1,5
38,-2,-2,-2,-2,-1,1,1,2,-1,1,2,2,-2,2,-1,-2,2,-1,1,-2,-2,2,2,2,-1,-1,2,-2,1,-2,5
39,-2,-2,-2,-2,-1,2,-2,-1,2,-1,1,1,-1,2,2,1,1,-1,1,-1,2,-2,1,-1,2,-2,1,-2,-1,-1,4
40,-2,-2,-2,-2,-1,2,-2,2,2,1,-2,-2,-2,-2,1,1,1,-2,2,-1,-1,2,1,2,-2,-1,-1,-2,1,-2,7
41,-2,-2,-2,-2,-1,2,-1,1,-1,2,2,-1,1,1,-2,-2,1,-2,2,1,-2,-2,-1,-1,2,2,2,-1,2,2,3
42,-2,-2,-2,-2,-1,2,-1,2,-2,1,-2,-1,1,2,-2,-1,-1,-2,2,-1,1,-2,-2,-2,1,-1,-1,2,-1,-2,6
43,-2,-2,-2,-2,-1,2,1,1,1,-1,-2,2,-2,-1,2,1,1,2,-1,1,-2,2,1,1,2,1,-1,-2,-2,-2,2
44,-2,-2,-2,-2,-1,2,1,1,1,1,1,-1,-1,-1,1,-1,-2,-1,-2,-1,-1,1,1,-2,-2,-2,-1,1,2,-2,4
45,-2,-2,-2,-2,1,-2,-2,-2,-1,2,-2,-1,1,-1,-1,-1,2,1,1,-1,1,1,2,-2,1,1,1,-1,-2,-2,9
46,-2,-2,-2,-2,1,-2,-2,-2,1,-1,1,1,1,2,-2,1,2,1,-1,-2,2,2,1,-2,-2,1,1,2,1,2,4
47,-2,-2,-2,-2,1,-2,-2,-1,1,2,-1,-2,-1,-2,1,-2,-1,-2,-2,-1,-2,-1,2,2,1,1,2,2,-2,-2,5
48,-2,-2,-2,-2,1,-2,-1,2,1,1,-2,-2,1,-1,2,-2,-2,2,-1,-2,-2,-1,2,2,-1,1,-1,2,2,2,4
49,-2,-2,-2,-2,1,-2,1,1,-2,1,-1,-1,-1,2,-1,-2,-2,-2,-1,1,1,1,1,-1,-2,2,2,-1,-2,-1,6
50,-2,-2,-2,-2,1,-2,1,2,-2,-1,1,2,-2,-2,-2,2,2,2,1,1,1,-1,2,1,-2,-1,1,-2,-2,1,4
51,-2,-2,-2,-2,1,-2,2,-2,-2,-1,2,2,-2,-1,-2,-2,1,-2,-1,2,-1,2,-2,2,-2,-2,-1,2,1,1,4
52,-2,-2,-2,-2,1,-2,2,-1,-2,-1,2,-1,1,1,-1,2,-2,2,-1,-2,1,1,-2,-2,1,-2,1,-2,-1,2,7
53,-2,-2,-2,-2,1,-2,2,2,-2,2,-1,-2,2,2,-2,-2,1,-2,2,1,2,2,2,2,2,2,-1,1,-1,-2,7
54,-2,-2,-2,-2,1,-2,2,2,-2,2,1,-2,2,-2,-2,-1,-1,-2,-1,2,2,-1,-1,-1,-1,1,-2,-1,-2,-1,6
55,-2,-2,-2,-2,1,-1,-1,2,2,2,1,-1,-2,-1,2,-1,-2,2,1,1,-1,2,1,2,2,-2,1,2,1,-2,3
56,-2,-2,-2,-2,1,-1,1,-2,-1,1,-1,2,-1,2,2,-2,1,2,1,1,-2,2,1,-2,-1,2,1,-1,-2,2,2
57,-2,-2,-2,-2,1,-1,1,1,2,-2,-2,-1,1,1,-1,2,-1,1,1,-1,-2,-1,1,2,2,1,1,-2,-1,1,4
58,-2,-2,-2,-2,1,-1,2,-2,-1,1,1,-1,2,2,2,-2,2,2,-1,-2,2,-2,1,2,1,1,2,-2,1,2,2
59,-2,-2,-2,-2,1,-1,2,-1,-2,1,2,-1,2,1,-2,1,-1,-1,-1,2,2,-2,2,-1,-2,1,-1,-1,-1,1,3
60,-2,-2,-2,-2,1,1,-2,2,-1,1,2,2,1,2,-2,-1,1,-1,-2,-1,2,2,-1,2,-1,2,-2,2,-2,1,4
61,-2,-2,-2,-2,1,1,-1,-1,-2,1,2,2,-2,-1,2,-2,1,-2,1,-1,-1,-1,-1,2,2,-2,-1,1,-2,2,3
62,-2,-2,-2,-2,1,1,-1,-1,-2,2,-1,2,1,-1,-1,1,-1,-1,-2,1,-1,1,2,1,-2,-1,-2,1,1,-1,3
63,-2,-2,-2,-2,1,1,-1,2,-1,-2,2,1,-1,-1,-1,1,2,2,-1,-2,-1,-1,-1,-1,-1,1,-1,2,-1,-1,5
64,-2,-2,-2,-2,1,1,1,2,-2,1,-1,-1,1,-2,-1,-1,-1,1,1,-2,-2,2,1,-2,-2,-2,-1,-1,2,2,3
65,-2,-2,-2,-2,1,1,1,2,-2,1,1,2,-2,-1,2,2,-1,-1,2,2,-2,-2,1,1,2,-1,1,-2,2,2,2
66,-2,-2,-2,-2,1,1,2,-2,1,1,1,2,-2,-1,-2,2,1,-1,1,1,2,-2,-2,-2,-2,1,-1,2,-1,1,6
67,-2,-2,-2,-2,1,1,2,-2,2,2,-1,2,-2,-1,1,-2,1,1,-2,2,-2,-1,1,2,2,1,1,2,2,1,3
68,-2,-2,-2,-2,1,1,2,1,-1,-1,-2,2,-2,-1,1,-2,1,-2,-2,-1,-2,-1,2,-1,-2,-1,1,-2,1,1,6
69,-2,-2,-2,-2,1,2,-2,-2,-2,2,1,-2,2,2,-2,1,-1,1,2,1,1,-1,2,-2,-2,-2,-1,1,1,-1,3
70,-2,-2,-2,-2,1,2,-2,1,-1,2,1,2,-2,-1,-1,1,-2,1,-1,-2,2,-1,-1,-2,1,-1,1,1,-2,1,2
71,-2,-2,-2,-2,1,2,-2,1,1,-1,-1,1,-1,-2,-2,-2,-2,2,-1,2,-2,2,-2,-2,-1,-2,1,-2,2,-1,5
72,-2,-2,-2,-2,1,2,1,-2,2,-1,-1,-2,-1,-2,2,-1,-2,-2,-1,1,-2,1,-1,2,2,2,1,-2,1,-1,3
73,-2,-2,-2,-2,1,2,1,1,2,2,-1,-2,2,1,-1,1,2,-1,2,2,-1,-1,2,-1,-2,1,2,1,-1,-1,5
74,-2,-2,-2,-2,1,2,2,-2,-2,1,-1,1,1,-1,-1,2,2,1,-1,-2,2,1,-1,-1,-2,-2,1,-2,2,1,5
75,-2,-2,-2,-2,1,2,2,-1,-2,-2,2,-2,1,2,-1,-1,1,2,1,2,-2,2,-1,-1,1,2,1,-1,-2,1,6
76,-2,-2,-2,-2,2,-2,-2,1,-2,-2,2,2,-1,-1,2,-1,1,1,-1,2,-1,2,-1,-2,2,-1,-1,2,-2,-1,4
77,-2,-2,-2,-2,2,-2,-1,-2,-1,-1,1,2,-1,1,1,-2,-1,2,2,-1,-2,2,-1,-1,2,-2,1,2,2,1,6
78,-2,-2,-2,-2,2,-2,-1,1,2,1,2,1,2,1,-1,-2,-2,1,1,2,-2,-2,2,2,2,1,2,2,2,2,4
79,-2,-2,-2,-2,2,-2,2,-2,-2,1,-2,2,-1,-2,-2,1,2,-2,-1,1,1,2,-1,-2,-1,2,1,-2,1,-1,5
80,-2,-2,-2,-2,2,-2,2,-2,-1,2,1,-1,-2,2,2,2,2,1,-2,-2,-2,-2,-2,2,1,-2,2,-1,-1,1,6
81,-2,-2,-2,-2,2,-2,2,1,1,2,-1,1,1,1,2,2,-2,-2,-2,-1,1,1,1,1,-2,1,-1,-1,-2,-1,4
82,-2,-2,-2,-2,2,-2,2,1,2,2,1,-1,-2,-1,-2,2,2,-1,1,-1,-2,2,1,-2,-2,-1,2,1,-1,-2,2
83,-2,-2,-2,-2,2,-1,-2,1,2,2,-1,-1,-2,2,-1,-1,2,-2,-2,1,-1,1,-2,-2,-1,-2,-1,1,2,-1,5
84,-2,-2,-2,-2,2,-1,1,-1,1,2,-1,2,2,-2,-2,1,1,-2,1,2,-2,-2,-2,2,-1,-2,-1,-1,-1,-1,4
85,-2,-2,-2,-2,2,-1,1,1,2,-2,1,-2,2,-2,-1,1,2,1,2,-1,-2,2,1,-2,-2,1,1,1,2,1,2
86,-2,-2,-2,-2,2,1,-1,-1,2,1,1,2,1,1,-2,2,-1,1,-2,-1,1,-2,2,-2,-1,-2,-2,-1,-1,-2,3
87,-2,-2,-2,-2,2,1,1,-2,2,2,1,2,-2,-2,-1,1,-1,-1,2,-1,1,1,1,-2,1,2,2,-1,2,1,6
88,-2,-2,-2,-2,2,1,1,2,2,1,-2,-1,1,-1,-2,1,-2,-2,2,2,2,1,2,2,-2,-2,1,2,1,1,3
89,-2,-2,-2,-2,2,1,2,-2,2,1,2,2,-2,-1,2,-2,2,2,-2,-2,-2,-2,-2,2,-2,1,-1,-2,2,2,3
90,-2,-2,-2,-2,2,1,2,1,-1,-2,-1,-2,2,-2,1,2,2,2,-2,2,-1,-2,1,1,1,1,-2,-1,2,1,7
91,-2,-2,-2,-2,2,2,-2,1,2,-1,-2,-1,1,-1,2,-1,-2,-1,1,2,-2,2,2,-2,-1,-1,-2,2,1,2,2
92,-2,-2,-2,-2,2,2,-1,-1,1,-2,-2,1,2,1,1,2,-2,-2,-2,-1,2,1,-2,-1,2,-2,1,-1,2,2,1
93,-2,-2,-2,-2,2,2,-1,2,-2,-1,1,-2,-2,2,-1,2,2,1,-1,-1,2,1,2,2,2,2,1,-2,2,1,2
94,-2,-2,-2,-2,2,2,2,-1,2,1,1,1,-2,2,-2,1,-1,2,2,2,-1,-2,-1,-2,-2,-2,2,-1,-1,2,3
95,-2,-2,-2,-2,2,2,2,1,1,1,-2,2,1,2,-2,2,-1,2,-1,1,-1,2,-1,-1,-1,-2,1,2,-2,1,3
96,-2,-2,-2,-1,-2,-2,-2,-2,-1,-1,-2,2,-2,-2,1,1,-2,2,-1,2,-2,1,-1,-2,-2,-2,2,2,-1,-1,7
97,-2,-2,-2,-1,-2,-2,-1,2,1,2,-2,-1,1,1,1,2,-1,-2,2,-2,-2,-1,2,1,-1,-1,2,2,-1,1,2
98,-2,-2,-2,-1,-2,-2,1,-2,1,2,-2,1,2,-1,-1,-2,2,-1,2,2,-2,-2,-1,-2,2,2,-1,1,2,-2,3
99,-2,-2,-2,-1,-2,-2,2,2,-2,1,1,1,-2,1,-1,-2,-2,1,-2,-1,-1,2,2,2,-1,-1,2,-1,-1,2,7
100,-2,-2,-2,-1,-2,-1,-2,-2,-2,-2,2,1,-2,2,-2,-2,-2,-1,-1,-1,-2,1,-1,-2,-1,-1,1,-2,-1,1,9
101,-2,-2,-2,-1,-2,-1,-2,1,1,1,-2,1,-1,-1,2,-2,2,-2,-1,2,2,1,-2,1,1,-2,-2,-1,-2,1,3
102,-2,-2,-2,-1,-2,-1,-2,2,-1,2,-1,1,-2,1,-2,2,2,-1,1,1,2,1,1,-2,-2,-2,2,1,-1,-2,4
103,-2,-2,-2,-1,-2,-1,1,-2,-2,1,-2,2,2,-2,-2,-2,1,2,1,-1,2,2,-1,-1,1,2,-2,1,1,-2,4
104,-2,-2,-2,-1,-2,-1,1,1,-2,2,-2,-1,-1,-2,1,-1,2,1,-2,2,2,-1,-1,2,1,2,-2,1,-2,-2,3
105,-2,-2,-2,-1,-2,-1,2,-2,2,2,2,-2,-2,-1,-2,1,-1,2,-2,2,2,-1,2,-1,-2,2,-2,1,2,-2,3
106,-2,-2,-2,-1,-2,-1,2,-1,-1,2,-1,1,1,-1,1,-1,2,-2,-1,2,-1,2,-1,2,2,2,-1,-2,1,-2,7
107,-2,-2,-2,-1,-2,-1,2,2,1,1,1,-1,-1,-1,-2,-1,2,1,-2,-1,1,2,-2,1,-2,-1,-1,-1,-1,1,4
108,-2,-2,-2,-1,-2,1,-2,-1,2,2,-2,-2,-2,-1,-1,2,-2,-2,1,-2,-2,1,1,1,1,1,1,1,-2,-2,9
109,-2,-2,-2,-1,-2,1,-2,2,-1,-2,-2,-1,-1,-1,-1,-2,2,1,-1,-2,-2,1,-2,-1,1,2,1,2,1,-2,5
110,-2,-2,-2,-1,-2,1,-1,1,-1,2,-1,-2,1,1,1,2,-2,-1,-2,-1,1,-1,-1,1,1,1,-1,1,1,-2,4
111,-2,-2,-2,-1,-2,1,1,1,-1,1,-2,-1,2,-1,2,-2,2,1,1,-1,1,1,1,1,-1,-1,-1,2,1,2,3
112,-2,-2,-2,-1,-2,1,1,2,2,-1,1,-1,1,2,2,-2,-2,1,2,1,2,2,1,-2,-2,-1,-1,-2,-2,-1,3
113,-2,-2,-2,-1,-2,1,2,-2,1,2,1,2,1,-1,-1,1,1,-2,2,-2,-2,2,2,-2,2,2,-1,-2,-1,-2,1
114,-2,-2,-2,-1,-2,1,2,1,-2,1,2,-2,-2,1,2,-2,2,2,2,1,-1,1,-1,2,-1,-1,2,1,-2,-2,6
115,-2,-2,-2,-1,-2,1,2,2,1,2,2,2,2,-1,1,1,-1,2,-2,2,-2,1,-1,-1,-1,2,-1,2,1,-1,3
116,-2,-2,-2,-1,-2,2,-1,-2,2,2,-2,1,2,2,-1,2,-1,1,1,2,-1,-2,1,2,2,-1,-1,-2,2,2,2
117,-2,-2,-2,-1,-2,2,-1,-1,1,-1,-1,-2,-2,1,1,-1,2,-2,2,-1,-1,-2,2,-1,1,-1,-1,-1,2,1,7
118,-2,-2,-2,-1,-2,2,-1,-1,2,2,-2,-1,-2,-2,-1,-1,-2,1,-2,2,2,-2,-1,-1,2,-1,2,-1,2,1,7
119,-2,-2,-2,-1,-2,2,1,-2,2,-2,1,-2,-2,1,-1,-1,2,-2,1,-2,2,1,-2,2,2,2,-1,-1,-2,-2,5
120,-2,-2,-2,-1,-2,2,2,-2,1,2,-2,-2,-2,2,1,1,1,2,-1,1,-1,-2,1,-2,-1,-2,2,-1,1,-1,4
121,-2,-2,-2,-1,-2,2,2,-2,2,2,-2,1,-2,-1,-2,-1,2,1,1,2,1,2,2,-2,1,-2,1,1,2,-1,3
122,-2,-2,-2,-1,-2,2,2,1,1,-1,2,2,-2,-2,-1,-1,-1,2,1,2,1,-2,2,1,-2,-2,1,-1,2,-2,5
123,-2,-2,-2,-1,-2,2,2,2,1,2,-1,1,1,2,2,-2,2,1,-1,-1,2,2,-1,-2,1,-2,-1,2,2,-2,3
124,-2,-2,-2,-1,-1,-2,-2,-1,-1,-1,-2,-2,2,-2,1,-1,-2,1,-2,1,-2,-2,-1,1,2,-2,1,-2,-2,-1,8
125,-2,-2,-2,-1,-1,-2,-1,-2,2,-1,-2,-2,-2,-1,2,-1,-1,2,-1,-1,-2,2,2,-1,-1,1,-1,1,2,-1,7
126,-2,-2,-2,-1,-1,-2,-1,2,-2,2,-2,1,-2,2,-1,2,2,2,2,1,-2,-1,-2,-1,-2,-1,-2,1,-1,-2,5
127,-2,-2,-2,-1,-1,-2,-1,2,-2,2,2,1,2,-1,-2,-2,1,2,-2,-2,-1,-2,-2,2,2,1,-2,-2,1,1,3
128,-2,-2,-2,-1,-1,-2,-1,2,1,-2,-1,-1,-1,2,1,1,2,-1,-1,1,1,-1,-1,-2,2,-1,1,2,-2,-2,4
129,-2,-2,-2,-1,-1,-2,1,-2,2,1,1,-1,2,1,1,-2,1,-2,2,1,1,-1,-2,2,2,1,-1,-1,1,-2,4
130,-2,-2,-2,-1,-1,-2,1,-1,1,2,-2,-1,-2,-2,1,1,-2,-1,1,-1,-1,-2,1,-1,-1,1,-2,-2,-2,-2,9
131,-2,-2,-2,-1,-1,-2,1,-1,2,2,2,2,2,1,-1,1,2,-2,-1,-1,-1,1,-1,2,-2,-2,-2,2,-2,2,2
132,-2,-2,-2,-1,-1,-1,-1,1,2,1,2,1,2,1,2,2,-2,1,-1,2,2,2,-1,2,-1,1,1,-2,2,-1,4
133,-2,-2,-2,-1,-1,1,-2,1,-1,2,-1,1,2,1,2,-2,1,-2,2,1,2,2,-2,2,-2,1,-1,-1,1,1,1
134,-2,-2,-2,-1,-1,1,-2,1,2,2,-1,-1,-2,-2,-2,-1,-2,-1,1,1,-1,2,-2,2,-2,1,-1,1,1,-2,4
135,-2,-2,-2,-1,-1,1,-1,1,-2,-2,-2,-1,-2,2,-2,-2,2,2,1,1,2,1,-2,-2,-1,1,2,1,1,2,3
136,-2,-2,-2,-1,-1,1,1,-2,2,-1,-1,1,2,-2,2,-1,2,2,1,-1,1,-1,2,-2,1,2,-2,-1,-2,-1,2
137,-2,-2,-2,-1,-1,2,-2,-1,-1,1,-1,2,-1,-1,-1,-2,1,2,2,2,-1,2,-1,1,-1,-1,1,-1,-2,2,4
138,-2,-2,-2,-1,-1,2,-2,2,-1,-1,2,-2,-2,1,2,-2,-1,-1,2,1,1,-1,1,-2,-1,1,1,-1,1,2,2
139,-2,-2,-2,-1,-1,2,-1,-2,1,1,-1,-1,-1,2,1,-1,-1,-2,2,2,-2,2,1,1,-2,1,2,2,1,2,4
140,-2,-2,-2,-1,-1,2,1,-2,-1,2,1,2,2,2,-2,2,1,-2,-2,2,-1,-2,2,1,-2,-2,-1,-2,-1,-2,5
141,-2,-2,-2,-1,-1,2,1,-1,2,-2,-2,2,2,1,1,1,-1,-2,-2,1,2,-2,2,-2,1,-2,-2,2,-1,1,3
142,-2,-2,-2,-1,-1,2,2,-2,-2,-1,1,-2,1,2,2,-2,1,-1,-1,-2,-2,-1,-1,1,-1,2,-2,2,-1,2,4
143,-2,-2,-2,-1,-1,2,2,-2,-2,1,-2,1,1,-2,2,1,2,-1,2,-2,-2,-1,2,1,-1,-1,1,-1,-2,-1,3
144,-2,-2,-2,-1,-1,2,2,-2,-1,-1,2,-2,-1,1,2,-2,-1,1,2,-1,1,1,2,2,2,-1,2,2,2,1,3
145,-2,-2,-2,-1,-1,2,2,-2,-1,1,2,-1,2,-1,-1,1,-1,1,1,-1,2,-1,1,1,-2,-2,-1,1,-1,-1,3
146,-2,-2,-2,-1,-1,2,2,-2,2,2,-2,-1,1,2,2,-2,2,-2,2,-2,1,2,2,2,-2,-2,-2,1,-2,-2,3
147,-2,-2,-2,-1,1,-2,-2,1,-1,-2,1,2,2,-2,-1,2,-1,-1,-2,-1,1,-2,-2,2,1,-1,-2,-2,-1,2,5
148,-2,-2,-2,-1,1,-2,-2,1,-1,1,2,-1,1,-1,1,-1,-2,-2,2,1,-1,1,1,-2,2,-2,-2,1,2,-2,6
149,-2,-2,-2,-1,1,-2,-1,-2,2,-1,-2,2,-1,-1,-1,1,2,-1,-1,-1,-2,2,1,1,1,-2,2,-2,-1,1,4
150,-2,-2,-2,-1,1,-2,1,1,-1,2,-2,1,1,-2,1,2,1,-1,-1,-2,-2,2,-2,2,-2,-1,1,-2,-1,1,6
151,-2,-2,-2,-1,1,-2,2,2,-2,-1,-1,1,-1,-2,1,1,-2,-1,2,2,1,2,-2,-2,-2,-2,2,-1,1,2,6
152,-2,-2,-2,-1,1,-1,-2,1,2,-1,-2,2,1,-2,1,-2,-1,1,-2,1,1,-1,2,1,1,-2,1,1,-2,-1,3
153,-2,-2,-2,-1,1,-1,-1,-2,-2,-1,2,2,-2,-1,-2,-2,1,-2,1,1,-2,-2,1,2,1,1,-2,1,-1,2,3
154,-2,-2,-2,-1,1,-1,-1,-1,2,1,2,2,-2,2,-1,-2,1,1,-1,2,2,-2,-2,1,-1,1,-1,1,-1,2,1
155,-2,-2,-2,-1,1,-1,-1,2,1,2,2,-1,-2,-1,-2,-1,-1,-2,2,1,1,2,2,-2,-1,1,-1,1,-1,2,2
156,-2,-2,-2,-1,1,-1,1,1,-1,-1,-1,2,-1,-1,-1,1,-2,1,-2,1,-1,-2,-2,2,-1,2,-1,2,2,1,3
157,-2,-2,-2,-1,1,-1,1,2,-1,-2,-1,-1,2,1,2,1,1,-2,-1,-1,-2,1,-2,1,-1,2,-2,1,-2,-1,5
158,-2,-2,-2,-1,1,-1,2,-2,1,1,2,-2,-2,-1,2,2,-1,-2,-2,-2,2,1,1,2,-1,2,1,2,2,-1,4
159,-2,-2,-2,-1,1,-1,2,1,2,-2,-2,2,-1,1,1,-1,-1,-1,2,-2,-1,-2,1,2,-1,-1,-2,2,1,1,2
160,-2,-2,-2,-1,1,-1,2,2,2,2,-2,-2,1,1,-1,2,-2,1,2,2,-2,-2,-2,2,-1,1,1,-1,1,-2,4
161,-2,-2,-2,-1,1,1,-2,-2,2,-2,1,-1,-1,1,-1,2,-2,-1,-2,1,1,2,2,-2,-1,-1,-2,-2,-1,-2,5
162,-2,-2,-2,-1,1,1,-2,1,-1,-1,-1,1,-2,1,2,-1,-1,2,-2,2,1,-2,-2,-1,1,-1,1,1,-2,-2,5
163,-2,-2,-2,-1,1,1,-1,1,-1,-2,2,2,-2,-2,1,2,1,1,-1,2,1,1,-2,2,-1,-2,-1,1,1,1,5
164,-2,-2,-2,-1,1,1,-1,2,-2,-1,2,-1,2,-2,2,-2,2,-1,2,2,1,2,-1,2,2,1,-1,-2,1,-2,4
165,-2,-2,-2,-1,1,1,-1,2,2,1,-2,2,-1,1,2,-2,-1,-1,-1,2,1,1,-2,-2,1,1,-2,2,-1,1,4
166,-2,-2,-2,-1,1,1,1,1,-2,-1,-1,-1,-2,-2,1,-2,-2,-2,2,-2,-1,1,2,1,1,-1,-1,2,1,-2,5
167,-2,-2,-2,-1,1,1,1,2,-1,1,-2,-1,2,2,2,1,-2,-1,2,-2,1,-1,1,1,-2,-1,-1,-2,2,2,4
168,-2,-2,-2,-1,1,1,2,-2,1,-1,-1,1,2,1,2,1,2,-1,-1,-1,-2,1,-1,-2,-2,-2,-1,-2,-2,-2,4
169,-2,-2,-2,-1,1,1,2,-2,1,1,1,-2,-1,-1,1,-1,-2,1,1,-2,-2,-1,2,2,-1,1,1,-2,1,1,8
170,-2,-2,-2,-1,1,1,2,-2,2,-1,-2,1,-2,1,1,2,1,2,1,-2,-1,-2,-1,2,-2,1,2,1,-1,-2,4
171,-2,-2,-2,-1,1,1,2,2,1,-1,-1,-2,1,-2,1,-1,1,1,1,2,2,-1,1,1,1,1,1,1,-2,1,6
172,-2,-2,-2,-1,1,1,2,2,2,2,2,1,-2,-1,1,-2,-2,2,2,1,2,1,1,-2,2,1,1,-2,1,-1,6
173,-2,-2,-2,-1,1,2,-2,-1,-2,-1,2,2,-2,-1,2,1,2,-1,-1,-1,-1,-2,-2,1,1,-2,-1,2,-1,-1,5
174,-2,-2,-2,-1,1,2,-2,2,-2,1,-1,2,-2,-2,-1,-1,-2,-2,-2,2,-1,-1,2,2,-1,-1,1,1,2,2,3
175,-2,-2,-2,-1,1,2,-1,-2,2,2,1,-2,2,-1,-1,2,-1,-1,-2,-2,-2,1,1,-1,-2,1,2,1,-1,-2,3
176,-2,-2,-2,-1,1,2,1,2,-1,1,-1,-1,-2,1,-2,-1,-2,1,2,2,-1,-1,1,-2,-2,-2,1,-2,2,-2,5
177,-2,-2,-2,-1,1,2,2,-2,-2,-2,-2,2,-1,2,-1,-1,2,-1,2,-2,-1,-1,2,1,1,2,-2,2,2,-2,6
178,-2,-2,-2,-1,1,2,2,-2,2,-2,1,1,2,1,1,-1,-1,1,-2,-1,-1,2,2,2,1,2,-2,-2,2,2,4
179,-2,-2,-2,-1,2,-2,-2,-1,-1,-1,1,2,1,-1,2,2,-1,2,1,-1,-2,-2,-2,2,-1,1,-2,1,1,-2,5
180,-2,-2,-2,-1,2,-2,-2,1,-1,-2,-2,1,-2,-2,1,2,2,-1,-1,-2,1,1,2,1,-1,2,2,2,1,2,2
181,-2,-2,-2,-1,2,-2,-1,-2,-1,-1,2,2,1,1,2,-2,2,1,1,2,-2,-2,2,-2,1,2,1,-1,2,1,3
182,-2,-2,-2,-1,2,-2,-1,-2,1,2,2,1,-2,-2,-2,-2,1,1,-1,1,2,1,1,-2,-1,-2,2,-1,1,-1,6
183,-2,-2,-2,-1,2,-2,-1,-1,1,-1,-2,-2,1,1,2,2,-2,2,-1,-1,-2,-1,-2,1,2,1,1,-1,-1,-2,4
184,-2,-2,-2,-1,2,-2,-1,1,-2,1,-2,1,-1,-2,2,-1,-1,-1,1,1,1,-1,-2,-2,2,2,1,-1,1,-1,3
185,-2,-2,-2,-1,2,-2,-1,2,1,-1,2,-2,2,1,2,-2,1,-1,-1,2,2,2,1,1,-2,-1,1,2,-1,1,3
186,-2,-2,-2,-1,2,-2,2,-2,-1,-1,2,-2,-2,-1,2,2,-2,2,-2,1,2,2,1,-1,1,2,-1,-1,-2,1,4
187,-2,-2,-2,-1,2,-1,-2,1,-2,2,2,-2,1,-1,-2,-1,1,-1,1,-1,-2,2,1,2,-1,1,-1,1,-2,-2,5
188,-2,-2,-2,-1,2,-1,-2,1,2,-1,-2,-1,1,-2,-1,-2,2,-1,1,1,-1,-2,-1,-1,1,1,-1,1,2,-2,4
189,-2,-2,-2,-1,2,-1,1,-2,-2,2,1,-1,-2,2,2,2,1,2,-2,1,2,-2,2,1,2,-1,1,-1,-1,-1,2
190,-2,-2,-2,-1,2,-1,1,-1,-1,-2,-2,-1,2,-2,-2,-1,-1,1,1,-2,2,-2,2,-2,-2,2,1,2,1,2,3
191,-2,-2,-2,-1,2,-1,2,1,2,2,-2,-2,2,-2,1,-2,1,1,1,-1,2,2,2,2,-1,1,-1,2,-1,2,4
192,-2,-2,-2,-1,2,1,-2,-2,1,-1,-2,-2,-1,-1,2,1,-2,1,1,2,1,-1,1,-1,1,-2,2,2,-2,1,5
193,-2,-2,-2,-1,2,1,-2,-1,-1,-2,1,-1,2,2,2,-1,1,-1,1,-1,-1,-1,-2,-1,1,-1,-1,2,1,-1,4
194,-2,-2,-2,-1,2,1,-1,-2,1,-2,-1,-1,-1,2,2,2,-1,1,-1,2,-2,2,2,-2,-1,-2,-1,2,2,1,6
195,-2,-2,-2,-1,2,1,-1,-2,1,-2,2,1,2,2,-1,1,1,-1,2,2,1,2,-2,1,1,2,1,1,1,1,7
196,-2,-2,-2,-1,2,1,-1,1,2,2,-2,-2,1,-2,2,-1,2,1,2,2,-1,1,2,1,-1,1,1,2,2,-2,3
197,-2,-2,-2,-1,2,1,-1,2,1,2,-1,-1,-2,1,-1,-2,-2,1,-2,-2,2,2,1,2,2,2,-1,-1,2,-2,3
198,-2,-2,-2,-1,2,1,1,2,2,-1,2,1,1,-2,1,2,1,1,1,-1,1,1,1,2,-1,2,-1,-2,-1,2,4
199,-2,-2,-2,-1,2,2,-2,-1,2,-1,1,1,1,2,1,-2,1,1,-1,2,-2,-1,1,1,-2,-2,2,1,2,1,4
200,-2,-2,-2,-1,2,2,-1,1,1,1,-1,1,-2,-2,-1,1,2,2,-1,-2,2,1,-2,2,1,-2,-1,1,-2,-2,5
201,-2,-2,-2,-1,2,2,-1,2,2,-1,2,-2,1,1,1,-1,2,1,-1,-1,2,1,-1,-2,2,1,1,2,-2,1,4
202,-2,-2,-2,-1,2,2,-1,2,2,1,-1,1,-1,-2,1,1,-2,1,-1,2,2,1,-2,-2,2,-2,-2,-2,-1,-2,2
203,-2,-2,-2,-1,2,2,1,1,-1,-2,1,-1,2,1,-2,2,1,1,-2,-2,-2,1,-1,1,-2,2,-2,1,2,2,3
204,-2,-2,-2,-1,2,2,1,1,2,-2,2,-1,2,1,-1,1,2,2,2,2,-2,-1,2,-1,-1,1,1,2,1,-2,5
205,-2,-2,-2,-1,2,2,1,1,2,-1,1,-1,2,-2,1,1,1,-1,-1,-2,-2,-2,1,-2,-2,1,1,2,-1,-1,5
206,-2,-2,-2,1,-2,-2,-2,1,-2,1,-1,2,-1,-1,2,-2,-1,1,-1,-1,1,-2,-1,-2,-1,-1,-2,-2,2,-2,7
207,-2,-2,-2,1,-2,-2,-1,-2,2,2,2,2,1,2,-2,1,-1,2,1,-1,-1,-1,1,2,-1,-1,-1,-2,2,-2,4
208,-2,-2,-2,1,-2,-2,1,-2,1,2,-1,-1,2,-2,-1,2,1,2,2,-2,-2,-2,-1,-1,-2,2,-2,2,-1,-1,8
209,-2,-2,-2,1,-2,-2,1,-2,2,1,1,1,-2,-1,1,1,1,2,2,1,-2,-2,1,1,2,2,-1,1,2,-1,5
210,-2,-2,-2,1,-2,-2,1,1,-2,2,2,-2,-1,1,-1,1,1,-1,-1,-2,1,-1,-1,2,-2,2,1,1,2,1,4
211,-2,-2,-2,1,-2,-2,1,1,1,2,2,-1,1,2,-1,1,1,1,-1,2,2,1,-2,1,1,2,-2,2,1,1,5
212,-2,-2,-2,1,-2,-2,2,-2,-2,-2,2,2,2,1,2,-2,1,1,-2,-1,-2,-2,-2,-2,2,-2,2,2,-2,2,2
213,-2,-2,-2,1,-2,-2,2,-1,1,2,1,1,-2,2,-1,-2,-2,-2,-2,-1,-1,1,1,-1,1,-2,-1,1,-2,-2,6
214,-2,-2,-2,1,-2,-2,2,1,1,2,-1,-2,1,2,1,-2,-2,-2,2,2,-1,1,2,-1,2,-1,1,2,2,-1,3
215,-2,-2,-2,1,-2,-2,2,1,2,-2,-2,-2,-1,2,-1,-1,-1,2,-2,-1,1,-1,-1,-1,-2,-1,-2,-2,2,1,6
216,-2,-2,-2,1,-2,-2,2,2,-1,1,-1,1,1,1,1,1,2,-2,2,2,1,2,-1,-1,1,-1,1,-1,1,-1,4
217,-2,-2,-2,1,-2,-1,-2,2,-1,-1,2,2,-1,-2,-2,2,2,1,2,-2,1,1,-2,2,-1,1,1,-2,1,-2,5
218,-2,-2,-2,1,-2,-1,-2,2,1,2,1,2,2,-2,1,-1,-2,-1,-2,-1,1,-2,-1,1,2,2,1,2,-1,1,2
219,-2,-2,-2,1,-2,-1,-1,1,1,-2,2,-1,-2,-2,-2,2,-1,2,-1,2,-1,1,2,2,-1,-1,-2,2,2,2,2
220,-2,-2,-2,1,-2,-1,1,-2,-1,1,1,-1,-2,-1,1,2,-2,-2,1,2,1,-2,-1,2,1,-2,1,-1,2,-2,4
221,-2,-2,-2,1,-2,-1,1,-1,-2,-2,1,2,2,2,1,1,2,2,-2,1,-2,-1,1,-1,1,2,2,1,-2,-2,5
222,-2,-2,-2,1,-2,-1,1,1,-1,1,2,2,2,2,-1,1,-2,-1,1,-2,1,1,-1,1,2,-2,1,1,-2,1,4
223,-2,-2,-2,1,-2,1,-2,-2,1,2,2,-1,-2,1,1,-1,1,-2,-2,-1,2,-1,2,2,2,-1,2,1,-2,2,6
224,-2,-2,-2,1,-2,1,-2,1,-1,-2,1,-1,-2,2,-1,2,-1,2,-2,1,-1,-2,2,1,-2,-1,-2,2,-2,1,3
225,-2,-2,-2,1,-2,1,-1,-2,-2,-1,1,-2,-1,-1,1,-1,2,-1,1,-2,2,2,2,-1,2,-2,2,-1,-2,-2,6
226,-2,-2,-2,1,-2,1,-1,-1,-1,-1,2,-1,-1,-2,-1,1,1,-1,1,-2,2,1,2,-2,-1,-1,-2,-1,-1,-1,6
227,-2,-2,-2,1,-2,1,-1,2,-2,-2,-2,2,2,2,1,1,1,2,2,1,2,-1,-1,-2,2,1,2,-2,-2,-1,3
228,-2,-2,-2,1,-2,1,2,2,1,1,-1,-1,-2,-1,2,-1,1,-1,2,-2,1,2,-2,-2,-1,2,2,1,-2,-2,5
229,-2,-2,-2,1,-2,2,-2,-1,1,-2,-2,1,-1,-2,-2,1,-1,1,2,2,2,-1,2,-1,2,2,-2,2,-1,2,3
230,-2,-2,-2,1,-2,2,-2,1,-1,-2,2,-2,-1,1,-1,1,2,2,2,-1,2,-2,1,-2,2,1,1,1,2,-1,1
231,-2,-2,-2,1,-2,2,-2,2,2,1,1,2,2,-2,1,2,-1,2,-1,-1,-2,-2,2,2,2,1,-2,-1,1,-2,5
232,-2,-2,-2,1,-2,2,-1,1,-2,2,2,2,1,1,-2,-2,-1,-2,-2,2,-1,2,1,2,-1,1,1,-1,1,-2,4
233,-2,-2,-2,1,-2,2,-1,1,-1,2,1,-1,-1,1,-2,-2,1,-2,-2,1,-1,-2,-1,-1,-2,1,2,-1,-1,2,6
234,-2,-2,-2,1,-2,2,-1,1,2,1,-2,-2,2,2,-1,2,1,2,2,2,2,2,-2,1,-1,-1,-1,-2,1,1,2
235,-2,-2,-2,1,-2,2,-1,2,2,1,1,-1,1,2,-2,-2,2,1,2,-1,-2,-1,-2,-1,-2,1,-2,1,-2,-2,2
236,-2,-2,-2,1,-2,2,1,-1,-2,-1,1,1,2,-2,-2,-2,2,2,-1,1,-2,-1,2,-1,-2,-2,1,2,-2,2,2
237,-2,-2,-2,1,-2,2,1,-1,-2,2,-2,1,-2,-1,-2,2,-1,1,-1,-2,-2,2,-1,2,-2,-1,1,-2,1,-2,4
238,-2,-2,-2,1,-2,2,1,1,-2,-1,2,-2,1,1,2,-2,2,2,2,2,-2,-2,1,-2,2,-2,1,-1,-1,2,3
239,-2,-2,-2,1,-1,-2,-1,1,2,1,-2,-1,2,1,-1,-2,-1,2,2,1,-2,-2,-1,2,1,-2,1,-2,2,-1,4
240,-2,-2,-2,1,-1,-2,1,-2,-1,1,-1,2,2,2,-1,-2,1,2,2,2,2,1,2,2,-2,-1,2,1,-2,1,6
241,-2,-2,-2,1,-1,-2,2,2,1,-1,-2,-2,1,2,-2,1,-1,-1,2,-2,-2,1,-2,1,-1,2,-1,1,1,-2,4
242,-2,-2,-2,1,-1,-1,-2,-1,-1,1,-2,-1,-1,2,-1,-2,1,2,-2,2,-2,-1,1,1,-2,1,-1,2,-1,-2,5
243,-2,-2,-2,1,-1,-1,-2,2,2,-2,2,2,-1,-2,-1,1,-1,2,-1,-2,-1,1,1,-2,-1,-2,2,1,-2,-2,4
244,-2,-2,-2,1,-1,-1,-1,-2,1,-1,2,-1,-2,1,1,-2,1,-2,2,-2,-1,1,1,1,2,2,2,-1,1,2,4
245,-2,-2,-2,1,-1,-1,2,2,2,2,-2,1,-2,1,1,-1,-1,-1,1,2,1,2,-2,-1,2,1,1,-1,2,2,2
246,-2,-2,-2,1,-1,1,-2,1,-1,1,1,2,2,1,-1,-2,1,-2,2,-1,-2,2,-2,2,2,-1,1,1,-2,1,3
247,-2,-2,-2,1,-1,1,1,-1,-2,-2,-1,1,2,1,2,1,2,1,-1,2,-1,-1,2,1,-1,1,1,1,1,-2,4
248,-2,-2,-2,1,-1,1,1,1,1,-1,-1,2,2,-2,-1,2,1,2,-1,-1,-1,2,-1,-1,1,2,-2,-1,1,-1,3
249,-2,-2,-2,1,-1,1,2,1,-1,-1,2,-1,-2,-1,2,-2,2,-2,-2,-1,-2,-1,1,-2,-2,1,-2,2,2,2,3
250,-2,-2,-2,1,-1,2,-1,-1,-1,1,-2,-2,-2,-2,1,2,-1,-1,2,1,2,-2,-1,-1,-1,2,2,-1,-2,-2,9
251,-2,-2,-2,1,-1,2,-1,-1,-1,1,1,1,-1,-1,-2,1,1,-2,1,-2,1,1,-1,-1,1,2,-1,-1,-1,-2,3
252,-2,-2,-2,1,-1,2,-1,2,-2,-1,2,1,-1,2,1,2,-1,1,2,-2,-1,-2,1,2,2,2,-1,-2,2,1,3
253,-2,-2,-2,1,-1,2,1,1,1,1,-1,2,-2,1,-1,1,1,1,1,2,-1,-1,1,-1,-2,1,-2,2,1,1,7
254,-2,-2,-2,1,-1,2,2,1,-1,-2,1,2,2,-2,-1,2,2,-2,-2,1,-1,-1,-1,-1,-2,-1,2,2,1,-1,2
255,-2,-2,-2,1,-1,2,2,1,-1,-1,-2,-1,-1,2,2,-1,1,2,2,-2,-2,1,1,2,1,-2,-1,2,2,1,3
256,-2,-2,-2,1,1,-2,-2,-1,1,-2,2,1,-1,-1,-2,1,-2,1,-2,-1,-2,-1,2,2,1,1,1,-2,1,-2,4
257,-2,-2,-2,1,1,-2,-2,-1,2,-2,-1,2,-2,1,2,-2,1,1,-1,-2,-1,-2,-2,-1,1,-2,-2,-2,2,1,4
258,-2,-2,-2,1,1,-2,-1,-2,2,2,-1,2,-1,2,-1,-1,2,-1,-2,1,-1,-2,-2,-1,-2,2,-2,-1,1,-1,5
259,-2,-2,-2,1,1,-2,-1,-1,-2,1,-2,2,-1,-1,-1,-1,1,-1,1,2,2,1,1,-1,2,-1,1,2,-1,2,1
260,-2,-2,-2,1,1,-2,-1,-1,2,2,-2,1,-1,2,-2,-1,2,2,-1,1,-2,-1,2,2,-1,1,2,-1,2,-2,5
261,-2,-2,-2,1,1,-2,1,-1,2,2,-2,-1,-1,-2,-2,-1,1,-2,1,-1,1,2,2,-1,1,1,-1,2,2,1,6
262,-2,-2,-2,1,1,-1,-2,-2,2,1,-2,-2,2,-2,-2,-2,1,-1,-2,-2,1,-2,1,-2,-2,1,-1,1,1,2,5
263,-2,-2,-2,1,1,-1,-1,-2,1,2,2,2,1,-2,2,-2,1,2,-2,1,-2,-1,1,-1,1,1,1,1,2,-1,4
264,-2,-2,-2,1,1,-1,-1,1,-2,-2,-2,1,1,-2,-1,1,-1,-1,-1,-1,-2,2,-2,1,2,-1,1,-2,2,1,3
265,-2,-2,-2,1,1,-1,1,-1,1,-1,1,-2,-1,1,1,1,-2,1,-2,1,1,1,-2,-2,2,-1,2,-2,-2,-2,3
266,-2,-2,-2,1,1,1,-2,-2,1,-1,-1,2,1,-2,1,-1,-2,1,2,-2,2,1,-2,-1,2,2,-2,-1,-1,1,3
267,-2,-2,-2,1,1,1,-2,-2,1,-1,2,2,-1,1,-1,1,1,-2,-2,1,1,2,-1,-2,2,2,1,-2,1,-2,7
268,-2,-2,-2,1,1,1,-2,-1,-1,2,1,1,1,1,2,1,-2,1,2,-2,2,-1,1,1,-2,-2,-1,2,-2,2,4
269,-2,-2,-2,1,1,1,2,-2,1,-1,1,-1,1,-2,-1,2,2,2,-1,-1,-1,-1,2,-1,-1,1,1,1,1,1,9
270,-2,-2,-2,1,1,2,-2,2,-2,-2,-2,2,-2,2,1,1,-1,-2,-1,-1,-1,2,-1,-2,2,1,2,-2,-1,2,4
271,-2,-2,-2,1,1,2,-2,2,-1,-1,1,-2,1,2,2,1,1,-1,1,-1,2,-2,-2,-2,2,-1,-1,-1,2,-2,3
272,-2,-2,-2,1,1,2,-1,-2,-2,2,2,1,-2,-1,1,1,1,-2,1,2,-1,2,-2,1,-2,1,-1,-1,-2,2,4
273,-2,-2,-2,1,1,2,1,-2,1,-2,1,-1,-1,1,-1,2,-2,2,-2,1,-1,2,2,2,1,1,-1,-1,-2,2,1
274,-2,-2,-2,1,1,2,1,-1,-2,1,1,2,1,1,-2,2,1,-1,2,1,-1,1,-2,-2,1,-1,-1,-1,1,2,2
275,-2,-2,-2,1,1,2,2,1,2,1,-1,-1,2,-2,-2,2,1,1,2,-2,1,1,-2,2,1,-1,2,-2,2,-1,3
276,-2,-2,-2,1,1,2,2,2,1,-1,-2,1,-1,2,-2,-2,2,-1,-2,-2,2,2,-2,-2,1,-1,1,2,2,-2,2
277,-2,-2,-2,1,2,-2,-2,2,1,2,-1,2,1,1,-1,2,-1,-2,-2,-2,-2,2,-1,2,1,2,-2,-2,1,-2,5
278,-2,-2,-2,1,2,-2,-1,-2,2,-1,2,2,2,-1,-2,-2,2,-2,1,2,2,-1,1,2,-1,1,2,-2,-1,2,6
279,-2,-2,-2,1,2,-2,1,-1,-1,-1,-1,2,2,2,-1,-1,2,2,1,2,2,-2,-1,-1,-2,1,1,2,2,1,3
280,-2,-2,-2,1,2,-2,1,2,2,1,-2,-2,-1,2,2,1,2,-1,1,-2,-2,-1,2,-1,-2,-1,2,2,-1,-2,3
281,-2,-2,-2,1,2,-2,2,-2,-1,2,2,2,1,-1,-1,2,1,2,1,-2,-1,-1,-2,-1,-1,-2,-1,1,-2,-2,3
282,-2,-2,-2,1,2,-2,2,2,1,1,-2,-1,-1,-1,2,-1,-2,-1,2,-2,1,-2,-2,1,-1,2,-2,2,2,-2,6
283,-2,-2,-2,1,2,-1,-2,1,1,2,1,2,1,-2,-1,-1,2,1,-1,-2,1,2,-1,-2,1,-1,-1,-1,-1,-2,4
284,-2,-2,-2,1,2,-1,-1,-2,-2,-1,-2,2,2,1,1,-1,2,2,1,2,2,-1,-1,1,-1,1,-1,-1,2,-2,5
285,-2,-2,-2,1,2,-1,-1,-1,2,1,-1,-2,-2,-2,-1,-1,2,2,2,1,-1,-1,-1,2,-2,-1,-1,2,-2,-1,7
286,-2,-2,-2,1,2,-1,-1,1,-2,1,2,1,-2,1,-1,1,1,-1,-1,1,1,-1,2,2,2,-1,1,-1,2,-2,3
287,-2,-2,-2,1,2,-1,1,-2,1,-1,-2,2,-1,2,-1,-1,1,-2,1,1,-2,1,2,-2,-2,2,-1,1,2,2,2
288,-2,-2,-2,1,2,-1,1,-1,-2,-2,-1,-2,-2,2,2,-1,2,-2,2,2,-2,1,-1,-1,-1,1,-1,-1,1,-1,4
289,-2,-2,-2,1,2,-1,1,1,-1,2,1,2,2,2,-1,2,-1,-1,-2,2,-1,-2,2,-1,2,-2,-2,1,1,1,5
290,-2,-2,-2,1,2,1,-2,-2,1,1,-1,-1,-2,-1,-1,1,1,-2,-2,2,2,2,2,-1,1,2,2,2,-2,-1,2
291,-2,-2,-2,1,2,1,-2,-1,2,-2,1,2,-2,1,-1,-2,1,2,1,1,-2,-1,1,-2,1,-1,-2,1,-2,1,2
292,-2,-2,-2,1,2,1,-2,1,-2,-1,-1,1,-1,2,-1,-2,-1,-2,-2,2,-2,1,1,-1,2,-2,2,1,2,-2,2
293,-2,-2,-2,1,2,1,-2,1,-1,1,-1,2,-2,-2,-1,-2,2,1,2,2,-2,2,1,-2,1,-1,-2,1,-2,-1,1
294,-2,-2,-2,1,2,1,-2,1,1,-2,-2,1,1,-2,1,1,2,1,2,2,-2,-1,1,2,-1,-2,2,2,2,1,6
295,-2,-2,-2,1,2,1,-1,1,1,-1,-1,-2,-2,2,-1,2,-1,-2,-2,-2,-2,2,2,-1,1,-2,2,-1,-1,1,3
296,-2,-2,-2,1,2,1,-1,1,1,-1,2,2,2,-2,1,2,-2,-1,2,2,1,2,2,2,2,1,-2,-1,1,1,5
297,-2,-2,-2,1,2,1,-1,1,2,1,-2,2,-2,-1,1,-1,2,2,-1,-1,1,-2,-2,2,-1,1,-2,1,-1,2,4
298,-2,-2,-2,1,2,1,-1,2,1,-1,1,-1,-1,2,2,2,1,-2,-2,-2,1,-2,1,-1,-1,-2,2,-2,1,-1,3
299,-2,-2,-2,1,2,1,1,2,-2,-1,1,-2,2,-1,-1,-2,-2,1,2,-2,2,-2,-2,-2,-1,-1,-2,1,-2,-2,4
300,-2,-2,-2,1,2,1,2,-2,2,2,-2,2,-1,2,-2,2,-2,2,2,-2,-1,-2,-2,-1,-2,-1,1,1,-2,-1,2
301,-2,-2,-2,1,2,1,2,2,2,-1,2,1,-1,-1,2,-2,-2,-2,2,-1,1,1,2,1,-2,1,-2,1,2,1,3
302,-2,-2,-2,1,2,2,-2,-2,-1,-2,1,-2,-1,-2,2,1,-1,-1,1,-2,2,1,2,1,1,1,-2,-2,-2,-2,6
303,-2,-2,-2,1,2,2,1,-2,1,2,2,-2,-1,-2,-1,1,-2,-1,1,-1,2,-1,-1,2,1,-1,-2,1,-2,2,5
304,-2,-2,-2,1,2,2,1,1,2,2,-1,1,-2,-2,-1,-2,2,2,-1,-1,-1,1,1,2,1,2,-2,2,-1,-2,3
305,-2,-2,-2,1,2,2,2,-2,-2,1,2,-2,-1,-1,-2,-1,-2,-2,2,2,2,-1,2,-1,2,2,2,-2,-2,-1,2
306,-2,-2,-2,1,2,2,2,-1,2,1,-1,-2,-2,-1,-2,-2,-1,-2,-1,-1,-2,2,-2,-2,2,-2,1,1,2,1,5
307,-2,-2,-2,1,2,2,2,2,2,2,2,2,1,2,1,-2,2,1,2,-1,-2,2,-2,1,-2,1,2,-1,-1,2,7
308,-2,-2,-2,2,-2,-2,-2,-2,1,2,-1,-1,1,1,-1,-1,-2,1,-2,-2,1,2,-1,-1,-2,-1,2,-1,1,2,6
309,-2,-2,-2,2,-2,-2,-1,-2,2,-1,2,2,2,2,1,1,1,-1,-1,2,-1,-1,-1,1,2,1,-2,-2,2,2,2
310,-2,-2,-2,2,-2,-2,-1,-1,1,1,-1,-1,-1,-1,-2,2,-1,1,1,2,-1,-2,-2,2,1,-1,-1,2,2,2,3
311,-2,-2,-2,2,-2,-2,-1,2,-1,2,2,-1,2,-1,2,-2,1,2,1,-2,1,-2,-2,1,1,1,-1,1,-1,-2,7
312,-2,-2,-2,2,-2,-2,-1,2,1,-1,-1,-1,-1,-1,1,-2,1,-2,-2,-1,2,-1,-1,-2,-2,2,2,-1,-2,-1,7
313,-2,-2,-2,2,-2,-2,1,-2,1,2,1,2,1,1,2,2,1,1,2,1,1,-1,2,-2,2,1,1,-2,1,-2,5
314,-2,-2,-2,2,-2,-2,1,1,-1,-1,-2,-1,-1,-2,-1,-2,1,2,2,1,-1,2,2,1,-1,2,-2,-1,2,-1,5
315,-2,-2,-2,2,-2,-2,1,1,1,-1,1,1,2,-1,2,2,-2,2,2,-2,2,2,1,1,2,2,-2,-1,2,-1,7
316,-2,-2,-2,2,-2,-2,1,2,-2,-1,1,1,-1,-1,-2,2,2,1,2,-1,1,1,-2,-1,2,-2,2,1,1,-2,2
317,-2,-2,-2,2,-2,-2,1,2,1,-2,-2,-1,1,1,1,-2,-2,-2,-2,1,-2,-2,1,2,2,2,2,2,1,2,5
318,-2,-2,-2,2,-2,-2,2,-1,1,-2,2,-2,-1,-1,-2,2,-1,-2,1,1,-1,2,-1,-2,-2,2,-2,-2,-1,-1,6
319,-2,-2,-2,2,-2,-2,2,1,-2,2,1,2,-1,-2,-1,2,-1,2,-1,2,-2,1,-1,-2,1,-1,-1,1,2,1,1
320,-2,-2,-2,2,-2,-2,2,2,-2,2,2,-2,2,-2,-1,1,2,2,-2,2,-1,-1,-1,-2,2,-1,1,2,-2,1,1
321,-2,-2,-2,2,-2,-2,2,2,-1,1,-2,2,2,-1,2,1,-1,-1,1,-2,-1,-1,-1,1,-1,2,1,1,-1,1,3
322,-2,-2,-2,2,-2,-1,-2,-2,-2,1,1,1,-1,-2,2,-1,2,2,-2,-2,1,1,2,1,-1,1,1,1,2,2,1
323,-2,-2,-2,2,-2,-1,-1,-1,-1,-2,1,-2,2,1,1,-2,1,-2,1,-2,2,1,1,2,1,-1,1,1,2,2,3
324,-2,-2,-2,2,-2,-1,-1,1,1,1,-2,-1,1,-1,2,1,2,-2,1,-2,2,2,-2,1,2,-2,-2,2,-1,1,4
325,-2,-2,-2,2,-2,-1,2,-2,2,-2,-1,-1,1,-2,-2,1,1,-1,-2,-2,-1,1,1,-2,-1,-1,-1,1,-2,2,5
326,-2,-2,-2,2,-2,-1,2,-1,-2,2,-2,-2,1,2,-2,-1,2,2,2,-1,-2,-2,2,-1,2,2,-1,2,-2,2,4
327,-2,-2,-2,2,-2,1,-2,-2,-1,1,-1,-1,2,2,-1,1,2,1,2,-2,-2,1,-2,1,2,1,1,-2,-1,-2,3
328,-2,-2,-2,2,-2,1,-2,-2,2,-2,2,-2,2,-2,-1,-2,2,-2,-2,-2,1,-2,-2,1,2,-1,1,2,-2,-2,4
329,-2,-2,-2,2,-2,1,-2,-1,2,-2,2,-2,2,-2,-2,-2,-2,-2,-1,2,2,-1,2,2,1,-1,2,1,2,-2,4
330,-2,-2,-2,2,-2,1,-2,1,-1,2,-2,1,-1,2,-1,-1,2,-1,-2,2,1,2,2,-1,2,-2,-2,2,2,-1,3
331,-2,-2,-2,2,-2,1,-1,-2,1,-2,-1,2,-2,1,1,2,1,-2,-1,2,-2,-2,2,-2,-2,-2,-2,1,2,-2,5
332,-2,-2,-2,2,-2,1,2,-2,2,-2,-1,-1,-2,-1,-2,-2,2,2,-2,2,1,-1,-1,-1,2,1,-2,-1,1,-2,4
333,-2,-2,-2,2,-2,1,2,2,1,1,1,-1,2,1,2,2,2,-2,-1,-2,-2,2,-2,1,-1,-2,1,-2,2,-2,5
334,-2,-2,-2,2,-2,2,-2,-1,1,1,-2,-1,1,-2,-2,2,-1,1,-1,-1,-2,1,1,1,-2,2,2,-1,-1,-1,3
335,-2,-2,-2,2,-2,2,-2,2,-1,-1,-1,1,2,-1,-1,1,-1,-2,-2,-1,-2,2,2,1,1,2,-1,-2,-1,1,3
336,-2,-2,-2,2,-2,2,-1,-2,2,2,1,-2,-2,2,-1,-1,-1,-1,2,1,-1,2,1,-2,-2,-1,-2,-2,1,2,3
337,-2,-2,-2,2,-2,2,1,-2,-2,1,-2,-1,2,2,1,-1,-2,-1,2,1,-2,2,-2,2,1,-1,2,2,2,2,3
338,-2,-2,-2,2,-2,2,1,-1,-2,-1,-1,-2,1,2,2,1,2,-1,-1,2,-1,2,-2,2,2,-2,-1,-1,-2,1,4
339,-2,-2,-2,2,-2,2,1,-1,-2,1,2,2,2,-2,2,1,-1,2,-1,1,-1,1,-2,-1,-1,-2,-1,2,-2,-2,4
340,-2,-2,-2,2,-2,2,1,-1,2,1,-1,-2,-1,2,1,2,2,1,1,-1,2,-1,2,2,-1,2,1,-1,-2,1,2
341,-2,-2,-2,2,-2,2,1,1,2,-2,-2,1,1,2,-2,-1,-1,-1,-2,2,-1,-2,-1,-2,1,-2,-1,-2,1,1,5
342,-2,-2,-2,2,-1,-2,-2,1,-2,1,-1,-2,-1,1,-2,1,1,2,1,-2,2,2,-2,1,-1,-2,-2,-2,-2,-1,4
343,-2,-2,-2,2,-1,-2,-1,-2,1,-2,-1,-1,2,2,1,1,1,1,-2,-2,-1,-2,-1,1,-1,-1,-1,-2,-1,2,5
344,-2,-2,-2,2,-1,-2,-1,-2,2,2,-2,2,1,1,-1,1,-2,1,-1,2,-2,-1,-2,-2,1,-1,-2,1,-1,1,3
345,-2,-2,-2,2,-1,-2,-1,1,-2,2,-1,-2,1,-2,2,1,-2,1,2,2,-1,-1,-2,1,-1,2,2,1,-2,2,5
346,-2,-2,-2,2,-1,-2,-1,2,1,1,-1,1,-2,2,-2,-1,-2,2,-1,-1,-2,-1,2,1,-2,-1,2,2,2,-1,7
347,-2,-2,-2,2,-1,-1,-2,1,1,1,1,-1,-1,1,1,-2,-2,-2,-1,-2,-2,1,1,1,1,-2,2,1,1,1,6
348,-2,-2,-2,2,-1,-1,-2,2,1,-1,-1,-1,-2,-2,1,-2,-1,2,2,-2,-1,1,2,-2,1,2,2,2,-2,2,2
349,-2,-2,-2,2,-1,-1,-1,1,2,2,-1,1,1,2,2,2,2,-1,2,1,2,-1,-1,-1,-2,-1,-2,2,1,1,3
350,-2,-2,-2,2,-1,-1,1,-1,-2,-2,1,1,-2,2,1,2,-1,1,1,2,2,-2,-2,-1,1,2,1,1,-1,2,3
351,-2,-2,-2,2,-1,-1,2,-2,1,-1,2,-1,-2,-2,-2,-1,-2,1,-2,-1,2,-1,-2,-2,-2,-1,-1,2,-2,-1,8
352,-2,-2,-2,2,-1,-1,2,1,-1,-2,1,1,2,-2,-1,1,-2,2,-1,2,1,-1,-1,-2,-1,-1,-2,1,-2,-1,4
353,-2,-2,-2,2,-1,1,1,2,1,-2,-1,-1,-1,2,-1,-1,1,2,-1,2,-2,-1,2,-1,2,-2,2,-1,1,2,3
354,-2,-2,-2,2,-1,1,1,2,2,1,-2,1,1,-2,-1,2,1,2,2,-1,1,-2,-2,1,2,1,2,2,1,-1,4
355,-2,-2,-2,2,-1,1,2,2,1,-1,-2,-1,1,-1,2,2,-2,1,-1,-2,2,2,-1,1,2,1,-2,1,-2,2,3
356,-2,-2,-2,2,-1,2,-1,1,2,1,1,-1,-1,1,-1,1,2,-1,1,1,-1,-2,-1,-1,-1,1,-1,-1,-2,-2,5
357,-2,-2,-2,2,-1,2,-1,2,1,1,1,1,-1,-1,-1,-1,1,1,-2,1,2,-2,-2,1,-1,2,-2,2,-2,1,2
358,-2,-2,-2,2,-1,2,1,-1,1,1,-2,-1,-1,-2,1,-2,-2,-1,-1,1,1,-2,-2,1,1,1,-1,1,-2,-1,7
359,-2,-2,-2,2,-1,2,2,-2,-1,1,-1,-1,-2,-1,-1,-2,1,1,2,-2,-2,-1,2,-1,-2,-2,2,2,-1,2,4
360,-2,-2,-2,2,1,-2,-1,-2,1,2,-2,-2,-2,2,-2,-2,1,2,-2,-2,-1,1,2,-1,-1,-1,1,-2,2,-1,4
361,-2,-2,-2,2,1,-2,-1,1,-2,-1,-1,1,-2,2,2,1,2,1,2,1,-2,-1,2,2,-1,-2,1,1,-2,-2,6
362,-2,-2,-2,2,1,-2,-1,1,-1,1,2,-2,1,2,1,-1,2,2,1,1,-2,-1,1,1,-2,2,-1,1,-2,-1,1
363,-2,-2,-2,2,1,-2,1,-1,-2,1,1,-2,1,-1,-1,-2,-2,-1,-1,-2,-1,1,-2,2,1,2,-1,1,2,-2,3
364,-2,-2,-2,2,1,-2,1,1,-1,2,-1,-1,2,-1,-2,-2,1,2,1,2,1,-1,-1,2,-1,1,2,2,-2,-1,2
365,-2,-2,-2,2,1,-2,2,-2,-2,-2,2,1,2,-2,-1,2,-1,1,2,-2,2,-1,-2,-1,2,-1,-1,2,-1,-2,5
366,-2,-2,-2,2,1,-2,2,1,-2,-1,-1,2,-1,1,2,-1,-2,1,1,2,-1,-2,1,2,2,1,-2,2,2,-2,3
367,-2,-2,-2,2,1,-1,-1,1,2,-2,1,-2,1,-2,-2,2,2,-1,-2,-1,-2,-2,2,2,-1,2,2,-2,-2,1,2
368,-2,-2,-2,2,1,-1,1,-1,-2,-2,-1,2,1,1,1,1,1,-1,2,-1,-1,2,-1,-1,-1,-1,-1,1,2,1,5
369,-2,-2,-2,2,1,-1,1,-1,1,-2,-1,1,1,1,-1,1,2,-1,-2,-2,-2,-2,1,1,1,1,-2,-2,-1,-1,4
370,-2,-2,-2,2,1,-1,2,-1,2,-1,1,-2,-1,-2,-1,1,1,2,-1,2,-2,1,-1,1,-1,-1,2,-1,-2,2,2
371,-2,-2,-2,2,1,1,-2,-1,-2,2,2,-2,2,1,2,-1,-2,1,-1,2,-2,1,-2,-1,-2,-1,1,1,1,-1,3
372,-2,-2,-2,2,1,1,-2,2,-1,2,2,1,2,-2,-2,-1,1,-2,-2,1,2,1,-1,2,1,1,1,2,-2,-2,8
373,-2,-2,-2,2,1,1,1,-2,-2,-2,1,-1,1,2,1,1,2,-1,2,-2,2,-2,1,1,1,-2,1,-1,-1,2,4
374,-2,-2,-2,2,1,1,1,-2,1,-2,-1,-1,-1,-1,-1,1,1,-1,-2,1,1,2,2,-2,1,-2,2,2,2,2,5
375,-2,-2,-2,2,1,1,1,-1,-2,1,-2,-1,-2,-1,2,2,1,-2,1,-1,-2,-2,2,-1,2,1,-1,-2,2,-2,2
376,-2,-2,-2,2,1,1,2,1,-2,2,1,-1,-2,1,1,1,2,1,-2,1,2,-1,1,-1,1,2,1,-2,-2,-2,5
377,-2,-2,-2,2,1,1,2,2,-2,-1,-1,-2,1,2,-1,-2,1,-2,1,1,-1,2,-1,-2,-1,2,1,-1,-2,2,3
378,-2,-2,-2,2,1,2,-2,1,-2,1,2,1,2,-2,-2,2,-2,2,1,2,-1,-1,-1,-1,-1,-2,-1,1,-2,-2,6
379,-2,-2,-2,2,1,2,-1,-2,-2,-2,2,2,1,2,1,-2,-1,-1,1,-2,-1,-2,1,-1,-2,1,-1,-2,2,-2,3
380,-2,-2,-2,2,1,2,1,-1,-2,-2,-1,-1,2,2,1,-1,2,-1,2,-2,1,1,2,1,2,-2,-1,2,-2,-2,4
381,-2,-2,-2,2,1,2,1,-1,2,-1,-2,-1,1,2,2,-1,-1,2,1,-1,-1,1,1,-2,-2,-1,-2,-2,1,-1,4
382,-2,-2,-2,2,1,2,1,1,1,1,-1,1,1,2,-2,2,2,-2,-1,-1,1,-1,-1,1,1,-1,1,1,-1,2,3
383,-2,-2,-2,2,1,2,2,1,-2,2,-1,2,1,-2,2,2,-1,2,-2,1,-2,1,2,-1,2,-2,1,1,1,-1,3
384,-2,-2,-2,2,1,2,2,1,2,-2,-2,1,-2,1,-1,2,2,1,2,2,1,-2,2,-1,1,2,2,1,-2,1,5
385,-2,-2,-2,2,1,2,2,2,2,-2,2,-1,2,-2,1,-2,2,-1,-2,-1,1,1,1,-1,-2,-1,2,-1,1,1,5
386,-2,-2,-2,2,2,-2,1,-2,-2,-2,-2,-1,-2,1,2,2,1,1,-1,2,2,-1,2,-1,1,-2,1,2,-2,2,2
387,-2,-2,-2,2,2,-2,2,-1,-1,-1,1,-1,2,1,-1,2,1,-2,-1,-2,1,2,-1,2,-1,-2,-2,-1,-1,1,3
388,-2,-2,-2,2,2,-1,-2,-1,2,2,-2,2,1,-2,-1,2,-1,-2,2,-1,1,-2,-2,-2,-2,-2,2,-2,2,-1,4
389,-2,-2,-2,2,2,-1,-2,2,-2,-2,1,-2,2,-2,2,1,1,1,2,2,1,-2,-2,1,-2,2,-1,2,1,1,4
390,-2,-2,-2,2,2,-1,-1,-2,1,1,1,-1,-2,-1,2,-2,2,-1,1,1,-2,-2,2,-1,-1,1,2,-1,-1,2,4
391,-2,-2,-2,2,2,-1,1,-2,1,-2,-2,1,-2,-1,2,1,-2,2,2,1,-2,2,2,-2,2,1,1,-2,1,-1,3
392,-2,-2,-2,2,2,-1,2,2,2,1,-2,-1,-2,1,2,-1,2,-1,-1,-2,-1,-1,2,-2,-2,2,-2,-2,2,1,4
393,-2,-2,-2,2,2,1,-1,2,-1,1,2,2,1,1,-2,-2,1,-1,-1,-1,-2,2,1,-1,-1,2,-2,1,-1,1,2
394,-2,-2,-2,2,2,1,1,-2,2,1,-2,1,-2,-1,-2,2,2,-1,-1,-1,-2,1,-2,2,-1,-1,2,2,2,1,2
395,-2,-2,-2,2,2,1,2,-2,-1,-1,1,1,2,-1,-2,-2,2,-1,-1,-1,1,2,-2,-2,2,2,-2,-2,2,-1,2
396,-2,-2,-2,2,2,1,2,-2,2,-1,1,2,1,2,2,1,-2,-1,-1,-2,1,-2,2,-1,-2,-2,2,1,-2,1,3
397,-2,-2,-2,2,2,2,-2,-1,-1,1,-1,2,1,1,1,2,-1,2,2,-2,2,-2,-2,2,2,-1,-1,-2,-1,2,4
398,-2,-2,-2,2,2,2,1,2,-1,-2,1,-2,-1,1,-2,-2,1,-2,2,1,1,1,2,-2,-1,-1,-2,-1,1,-2,5
399,-2,-2,-2,2,2,2,2,2,2,-1,-1,-1,2,-1,-1,2,-2,-2,-2,1,-2,2,1,2,-1,-2,1,-2,2,1,4
400,-2,-2,-1,-2,-2,-2,-1,-2,-1,-2,2,-2,1,-1,1,-2,-1,2,1,2,-1,-1,2,2,2,-2,1,1,1,1,4
401,-2,-2,-1,-2,-2,-2,1,2,-1,2,-2,-1,-2,1,-1,1,-1,2,1,2,1,-2,2,2,-2,-1,-2,-2,-2,2,3
402,-2,-2,-1,-2,-2,-2,1,2,1,1,-2,-2,-2,-2,1,2,1,2,2,1,1,-2,1,1,-1,-1,2,-1,2,2,3
403,-2,-2,-1,-2,-2,-1,-1,2,-2,-2,-1,-2,-2,-1,1,2,1,2,-2,2,2,-1,-2,2,2,2,-2,2,1,2,2
404,-2,-2,-1,-2,-2,-1,1,-1,1,1,1,2,1,1,-1,1,2,-1,-2,-2,2,1,-2,-1,-1,1,-2,-2,2,1,1
405,-2,-2,-1,-2,-2,-1,2,2,-1,2,-2,-1,2,-1,-2,2,-2,-1,-2,1,1,1,1,-1,2,-1,1,-1,-1,2,5
406,-2,-2,-1,-2,-2,-1,2,2,2,2,2,-2,-1,1,-1,1,1,-2,-2,-2,-1,-2,-2,1,1,1,2,-1,-2,2,6
407,-2,-2,-1,-2,-2,1,-2,-1,-2,2,2,2,2,1,1,2,2,2,1,2,-1,-2,-1,2,1,-1,-1,2,2,-2,5
408,-2,-2,-1,-2,-2,1,1,-2,-2,1,-2,-2,-2,1,-2,2,-1,2,1,-1,-2,-1,-1,-2,-2,2,-1,-2,2,1,7
409,-2,-2,-1,-2,-2,1,1,-1,-1,-2,2,1,-2,2,-2,1,2,1,-2,2,1,2,-1,2,-2,2,-2,-2,-1,-1,2
410,-2,-2,-1,-2,-2,1,1,-1,1,2,-1,-2,-2,-2,2,-2,1,1,2,-1,2,2,-1,1,1,1,2,2,-2,1,3
411,-2,-2,-1,-2,-2,1,2,-2,-1,-1,2,1,2,2,1,-1,1,-1,-2,-2,-1,2,-1,1,1,1,1,1,2,-2,2
412,-2,-2,-1,-2,-2,1,2,2,-2,-2,-2,-2,1,-2,-1,2,-2,1,-1,-2,-2,2,-2,2,-1,-2,2,-2,1,1,6
413,-2,-2,-1,-2,-2,2,-2,-2,1,1,-1,1,-1,-2,1,-2,-2,2,-1,-1,-2,-2,2,-2,2,-1,2,1,-2,1,4
414,-2,-2,-1,-2,-2,2,1,2,2,-1,-2,-1,-2,-2,2,2,-1,1,1,-2,-1,1,2,-2,2,-1,-1,1,-1,-1,3
415,-2,-2,-1,-2,-2,2,2,1,1,1,2,1,-1,-2,-1,-1,-2,-1,-2,-1,1,2,1,2,-2,-2,-1,-1,2,2,2
416,-2,-2,-1,-2,-2,2,2,2,-2,-2,1,2,-2,1,-1,1,-1,-2,1,-1,-1,2,2,-2,2,2,2,-2,-1,1,3
417,-2,-2,-1,-2,-2,2,2,2,1,-1,1,2,-1,2,1,-1,2,1,-1,-1,2,-2,-2,-1,-2,2,2,-1,-2,2,1
418,-2,-2,-1,-2,-2,2,2,2,1,-1,2,1,2,-2,1,2,-2,-1,-2,1,-2,2,-1,-2,-2,1,1,1,-1,2,4
419,-2,-2,-1,-2,-1,-2,-2,-1,2,-1,1,2,2,1,1,2,-1,-1,-2,-2,1,2,1,1,2,-1,2,-2,2,1,6
420,-2,-2,-1,-2,-1,-2,-1,-2,-2,-1,2,-2,1,1,1,-1,1,-1,-2,-2,-2,-2,-2,2,-2,-2,-1,-2,-1,1,8
421,-2,-2,-1,-2,-1,-2,-1,1,-2,2,-2,2,2,2,2,2,1,2,-2,-1,1,-1,1,-1,2,-1,-2,-1,2,-2,4
422,-2,-2,-1,-2,-1,-2,1,1,-1,-2,-1,-1,2,1,-1,-2,2,1,-1,1,1,-2,2,2,2,-1,-1,1,-1,-2,3
423,-2,-2,-1,-2,-1,-2,2,2,2,-2,1,1,1,-1,1,-1,1,1,-1,-1,2,-1,1,2,-1,-1,2,2,1,-2,4
424,-2,-2,-1,-2,-1,-1,-2,1,1,-2,1,1,2,-2,-2,-2,2,-1,-1,2,-2,2,1,-1,-1,-2,1,2,2,2,2
425,-2,-2,-1,-2,-1,-1,-2,2,-1,-1,2,-2,-2,2,1,1,2,-2,-1,-2,-2,2,2,2,-1,-1,-1,-2,-2,2,5
426,-2,-2,-1,-2,-1,-1,-1,-1,-1,-1,-2,2,1,-2,1,-1,-1,-1,1,2,-1,-2,-1,1,-2,-1,-1,-1,1,1,7
427,-2,-2,-1,-2,-1,-1,-1,-1,1,-1,-1,2,-1,1,1,1,1,1,-2,-2,2,2,-2,1,1,1,2,-2,2,-1,5
428,-2,-2,-1,-2,-1,-1,1,1,-2,1,-2,1,1,-1,-1,-2,2,-1,-2,1,1,1,-2,2,2,-2,1,1,-2,1,3
429,-2,-2,-1,-2,-1,-1,2,-2,2,1,-1,1,-1,1,2,2,-1,1,-1,-1,2,-1,2,-1,-2,1,2,-1,-1,-2,3
430,-2,-2,-1,-2,-1,-1,2,1,-2,2,-1,-2,1,2,-2,1,1,-2,-1,-1,2,1,1,-1,-2,-1,-2,2,-2,-2,4
431,-2,-2,-1,-2,-1,-1,2,2,1,-1,-1,2,2,2,-2,2,-2,1,-1,-1,1,-2,2,1,2,-2,-1,2,1,-2,5
432,-2,-2,-1,-2,-1,1,-2,-1,1,-2,1,1,1,2,-2,1,2,-1,2,1,-1,-2,-1,-2,2,-1,2,-2,2,-2,4
433,-2,-2,-1,-2,-1,1,1,1,2,-1,-1,1,1,2,-2,-2,-2,-1,-2,2,2,-2,-1,-2,-2,2,2,-2,-2,-1,4
434,-2,-2,-1,-2,-1,1,1,2,1,-1,1,-2,-1,-1,1,-2,2,2,-2,2,-1,1,2,2,-1,-2,1,2,2,-2,4
435,-2,-2,-1,-2,-1,1,2,-2,-2,1,-1,2,-1,-1,-2,-1,-1,1,-1,-2,1,-1,2,-1,-1,-1,1,1,-1,-1,6
436,-2,-2,-1,-2,-1,1,2,2,-1,1,-1,-1,1,-1,-2,2,2,-1,1,1,1,-2,1,-2,-1,2,1,1,-1,1,2
437,-2,-2,-1,-2,-1,2,-2,1,1,-1,-2,1,1,2,-1,-2,1,-2,-2,-1,-2,2,1,2,-1,2,1,-1,-2,-1,3
438,-2,-2,-1,-2,-1,2,-1,-2,1,2,1,2,-2,-1,-1,1,1,1,1,1,1,-2,-2,1,1,1,2,-1,2,-2,3
439,-2,-2,-1,-2,-1,2,-1,-1,-1,1,2,1,-2,2,1,-2,-2,1,-1,-1,2,-2,2,-2,1,2,-1,1,1,-2,4
440,-2,-2,-1,-2,-1,2,1,-2,1,2,-1,1,2,1,1,2,-1,-2,-2,-2,-2,2,2,-1,1,-1,-1,2,1,2,6
441,-2,-2,-1,-2,-1,2,1,2,2,2,-1,1,1,-2,2,1,-1,1,-1,-2,1,-1,2,2,2,-2,-1,-2,1,2,1
442,-2,-2,-1,-2,-1,2,2,-2,-2,-1,2,2,-2,2,-2,2,2,-1,2,-2,-2,1,-2,-2,2,-1,1,1,-2,1,4
443,-2,-2,-1,-2,-1,2,2,-1,-1,-1,-1,2,1,2,2,-1,-1,1,1,-2,2,2,-2,-2,2,-1,-2,1,-2,1,4
444,-2,-2,-1,-2,1,-2,-2,-2,2,1,2,1,-1,-2,1,1,-2,2,1,-2,2,2,-2,2,-2,1,-2,-2,-2,-1,6
445,-2,-2,-1,-2,1,-2,-2,-1,-2,2,-2,-2,1,-2,2,1,1,1,1,1,1,1,-1,1,2,-1,-1,1,1,1,5
446,-2,-2,-1,-2,1,-2,-2,2,-1,-1,1,-2,2,2,-1,-1,1,-2,1,-2,1,-1,2,-1,1,-2,1,-1,1,-2,3
447,-2,-2,-1,-2,1,-2,-1,-2,1,2,2,-1,-1,1,-1,-2,2,1,1,2,-2,2,2,1,-2,2,-2,-2,-2,-2,4
448,-2,-2,-1,-2,1,-2,-1,-1,2,2,-2,2,2,1,-1,-2,1,-1,-2,2,2,-1,2,-2,1,1,1,-1,2,1,2
449,-2,-2,-1,-2,1,-2,1,1,2,2,1,1,-2,1,1,2,-1,2,2,2,1,-1,-2,-2,2,-1,-2,-2,1,-2,3
450,-2,-2,-1,-2,1,-2,1,2,-2,-2,2,-2,-2,2,2,-2,2,-2,-2,-1,1,-2,2,-2,-1,-1,-1,-2,-2,-1,6
451,-2,-2,-1,-2,1,-2,2,1,1,1,2,-1,-2,2,1,-1,-1,-1,2,-2,1,-1,2,-2,2,1,-1,1,1,-2,4
452,-2,-2,-1,-2,1,-1,-2,-2,2,2,1,2,1,2,1,1,2,1,1,2,1,-1,1,-1,-2,1,2,-2,-1,2,3
453,-2,-2,-1,-2,1,-1,1,-2,-2,1,1,-2,2,1,-2,-1,1,2,-1,1,-1,-2,2,-2,1,-1,-1,2,-2,2,4
454,-2,-2,-1,-2,1,-1,1,1,-2,2,1,-2,-1,-1,-2,-2,-2,2,1,2,-2,-2,-2,-2,-2,-2,2,-2,2,-2,5
455,-2,-2,-1,-2,1,1,-2,-2,-1,1,2,-1,2,-2,1,1,1,-2,2,-2,-2,1,2,-1,-1,2,-1,2,-2,1,5
456,-2,-2,-1,-2,1,1,-2,1,-2,1,2,2,2,-1,-2,1,2,1,2,-2,2,-1,1,2,2,-1,-2,-1,2,2,4
457,-2,-2,-1,-2,1,1,-1,1,-1,-2,1,2,2,2,-1,1,-2,-2,-1,-1,2,1,-2,-1,-1,-1,2,-1,1,-1,5
458,-2,-2,-1,-2,1,1,1,2,2,-2,1,2,-1,-1,1,-2,-1,-2,-1,-1,1,2,2,-1,1,-1,-1,1,-1,2,5
459,-2,-2,-1,-2,1,1,2,-2,-2,-1,-2,2,-1,-2,-1,2,1,1,-1,-2,-1,-2,2,1,-1,-2,1,1,-2,1,3
460,-2,-2,-1,-2,1,1,2,-1,-1,-1,-1,-1,-1,-1,-2,-1,-1,2,2,-2,-1,-2,-2,-1,-1,2,-1,1,-2,-1,8
461,-2,-2,-1,-2,1,1,2,1,-2,2,-2,2,2,-1,2,1,-1,2,2,-2,-1,1,1,-2,1,-2,-2,-1,-2,2,2
462,-2,-2,-1,-2,1,1,2,2,-2,1,1,2,-1,2,-1,-1,-2,1,-2,-2,-1,-2,2,1,-2,1,1,2,2,1,3
463,-2,-2,-1,-2,1,2,-1,2,-2,-2,2,-2,1,-1,-1,2,-2,-1,-2,2,-1,1,-1,2,1,-2,1,2,-1,1,2
464,-2,-2,-1,-2,1,2,-1,2,1,1,1,2,-1,-2,-1,2,2,1,2,-2,-1,-1,2,1,-2,-1,2,-2,2,2,5
465,-2,-2,-1,-2,1,2,-1,2,2,-2,-1,-2,1,1,-2,2,2,2,2,-1,-1,2,2,-2,-1,1,-1,1,2,1,3
466,-2,-2,-1,-2,1,2,1,2,2,-1,-1,-1,-1,-1,2,-2,2,-1,2,2,1,-1,1,-1,2,-1,-2,2,2,-2,3
467,-2,-2,-1,-2,1,2,2,-1,2,-2,-1,-2,-1,-1,2,-1,1,2,-1,2,-1,-1,-1,-2,-1,-2,-1,-1,-1,2,6
468,-2,-2,-1,-2,2,-2,-1,-2,2,1,-2,1,-2,2,1,-2,-1,-1,-2,2,-1,2,-1,-1,-1,2,2,2,-2,-2,6
469,-2,-2,-1,-2,2,-2,-1,1,1,-1,-2,1,-2,-2,-2,-1,2,-2,-1,-1,-2,-1,-2,2,-1,2,1,2,-1,-1,6
470,-2,-2,-1,-2,2,-1,-2,-2,-1,-1,-2,-2,1,-1,-1,-1,2,-2,-2,-1,2,1,1,2,1,2,2,-2,2,2,3
471,-2,-2,-1,-2,2,1,-2,2,-1,-1,1,1,1,-2,2,2,1,-2,1,1,2,-1,2,2,1,1,2,-2,-2,1,3
472,-2,-2,-1,-2,2,1,-1,-1,2,1,-2,1,2,-1,-1,2,2,-2,1,-2,1,-2,-2,-1,1,-1,2,1,2,-1,5
473,-2,-2,-1,-2,2,1,2,-1,-2,-1,-1,-1,-1,-1,2,-1,-1,-1,-1,-1,-1,-1,2,-1,-1,-1,-2,-2,-1,2,9
474,-2,-2,-1,-2,2,1,2,1,-1,1,-2,-1,-1,-2,-1,1,1,1,-1,-2,1,2,-1,2,-2,-2,-1,1,-1,2,4
475,-2,-2,-1,-2,2,1,2,2,-1,1,1,-2,-1,1,-1,1,2,-1,-2,-2,2,-2,-2,-1,2,2,-2,2,-1,2,3
476,-2,-2,-1,-2,2,2,-1,2,-1,2,1,-2,1,1,-2,1,-2,2,2,1,1,-1,-2,-1,1,-2,-1,1,1,2,3
477,-2,-2,-1,-2,2,2,-1,2,1,1,-2,-2,2,-2,2,-1,1,1,-2,-1,-1,2,-1,-1,2,1,2,-1,1,2,4
478,-2,-2,-1,-2,2,2,1,-1,-1,-1,-2,-2,-1,-1,2,-1,1,2,2,2,-2,1,1,1,-2,-1,-2,-2,1,2,4
479,-2,-2,-1,-2,2,2,2,-2,1,2,2,1,-1,-2,1,1,2,2,1,2,2,-1,-1,1,-1,1,-1,2,-2,-2,2
480,-2,-2,-1,-2,2,2,2,2,-2,-2,1,-2,-2,2,-1,2,-1,-2,-2,-2,-2,-1,1,2,1,-1,2,-1,2,-2,3
481,-2,-2,-1,-2,2,2,2,2,-2,-2,1,-1,1,-1,1,1,2,1,-2,1,-2,-1,-2,1,1,1,2,2,2,2,3
482,-2,-2,-1,-2,2,2,2,2,-1,2,2,1,-2,-1,-1,-2,2,2,-1,-2,-1,2,2,2,2,-1,1,-1,1,2,3
483,-2,-2,-1,-2,2,2,2,2,2,-2,2,-2,-2,-1,-2,-1,-2,2,1,2,-2,1,-2,2,-1,-1,-2,-1,2,1,4
484,-2,-2,-1,-1,-2,-2,-2,1,2,2,-1,-1,1,-1,1,2,-2,-2,-1,2,1,1,-2,2,1,-2,-2,-1,-2,-1,4
485,-2,-2,-1,-1,-2,-2,-2,2,2,1,-2,1,-1,1,2,-1,-1,-1,2,1,1,1,1,-2,2,-1,-1,-1,-1,2,4
486,-2,-2,-1,-1,-2,-2,-1,1,1,-2,-2,-2,-1,-2,-2,-2,-1,-2,1,1,-1,1,2,2,2,-1,-1,2,1,1,4
487,-2,-2,-1,-1,-2,-2,-1,1,2,-1,-2,2,2,-1,2,1,-1,2,2,-2,2,2,1,-1,2,-2,-2,2,-2,-1,4
488,-2,-2,-1,-1,-2,-2,1,-2,1,1,-2,-2,-2,-1,2,2,-2,2,-1,2,-1,-1,1,-2,-2,-2,-2,-1,2,1,5
489,-2,-2,-1,-1,-2,-1,-2,-2,-2,-2,2,2,-1,1,2,-2,-1,-2,2,1,1,2,1,1,-2,1,1,2,-2,-2,4
490,-2,-2,-1,-1,-2,-1,-2,-1,-2,1,-1,-1,-2,-2,1,1,-1,-1,-2,1,2,-2,2,-1,-1,-2,2,2,1,-2,6
491,-2,-2,-1,-1,-2,-1,-2,1,-2,-1,-1,-2,1,2,1,-1,2,-2,2,-1,-1,-2,-2,1,-1,1,-2,2,-2,-1,6
492,-2,-2,-1,-1,-2,-1,1,-2,-1,1,-2,-2,1,-2,1,-1,1,2,1,2,-1,-2,-2,-1,-1,-2,2,-2,2,1,4
493,-2,-2,-1,-1,-2,-1,1,-2,-1,2,1,-2,-2,-1,1,-2,1,1,2,-2,-2,-1,-2,2,-1,-2,-1,-1,-1,2,6
494,-2,-2,-1,-1,-2,-1,1,-1,2,-1,-1,2,-2,2,2,2,2,-1,1,-1,1,-2,-1,1,-1,-2,-2,2,-1,1,5
495,-2,-2,-1,-1,-2,-1,1,1,-1,1,2,1,1,-2,2,2,-2,2,-2,-2,-1,-2,-1,-1,-2,-1,-2,-2,1,2,4
496,-2,-2,-1,-1,-2,-1,1,1,1,-1,-1,1,1,1,1,1,1,-2,-1,2,-1,-1,-1,-2,1,2,-1,2,2,-1,11
497,-2,-2,-1,-1,-2,1,-2,-1,2,1,-2,-1,1,1,-2,1,2,-1,-2,-2,2,-1,-2,-2,2,2,-2,-2,1,2,7
498,-2,-2,-1,-1,-2,1,-1,1,-2,-2,2,-1,1,-1,1,2,-1,1,-1,2,1,2,2,-2,1,-2,1,2,-2,-2,3
499,-2,-2,-1,-1,-2,1,-1,2,-1,-1,-1,2,-2,2,-1,-2,2,1,2,-2,1,-1,-2,-2,2,2,-1,2,1,2,4
500,-2,-2,-1,-1,-2,1,1,2,-1,1,-1,-2,1,-2,-1,2,-1,-2,-2,2,-1,1,1,-1,2,-2,2,-1,2,-2,3
501,-2,-2,-1,-1,-2,1,1,2,1,1,-2,-1,2,-1,-1,2,1,-1,1,-2,-2,1,2,-2,-2,1,1,2,-1,2,4
502,-2,-2,-1,-1,-2,1,1,2,1,1,2,-1,1,-1,-2,-2,-2,2,-1,2,1,1,-2,2,1,-2,-1,-2,-1,2,1
503,-2,-2,-1,-1,-2,1,1,2,2,-2,-2,1,2,1,1,-2,-1,1,-1,-2,-1,2,-2,-1,1,-1,-1,-2,-2,-1,4
504,-2,-2,-1,-1,-2,1,2,2,-1,-2,-2,2,-1,2,-1,2,-2,2,-2,-1,-2,1,1,2,2,2,2,2,-2,-1,5
505,-2,-2,-1,-1,-2,2,-2,1,-1,-2,2,2,-1,-1,1,2,1,2,2,2,-2,-2,-2,2,2,1,1,2,1,2,2
506,-2,-2,-1,-1,-2,2,-1,1,-1,-2,-2,1,1,-2,-1,1,-1,2,-2,-2,2,-2,1,-1,1,-2,1,-2,2,-1,4
507,-2,-2,-1,-1,-2,2,-1,1,-1,1,-1,2,1,2,-1,-2,2,1,2,1,2,2,1,1,-2,-1,1,1,-1,-1,3
508,-2,-2,-1,-1,-2,2,1,-2,-2,-2,2,-2,1,1,-1,2,-1,2,-1,-2,-2,-2,-2,2,-1,-1,-1,-1,2,1,5
509,-2,-2,-1,-1,-2,2,1,1,1,-2,-2,-1,2,-1,2,-2,1,-1,-1,1,-1,2,-2,2,2,-1,2,1,2,-1,3
510,-2,-2,-1,-1,-2,2,2,-1,-1,-1,2,1,1,-2,-1,1,1,2,1,-1,-1,-2,-1,-2,-1,1,2,-1,2,-1,3
511,-2,-2,-1,-1,-1,-2,-1,-1,-2,1,1,-2,-1,-1,-2,-2,-1,2,2,1,-1,-1,-2,2,-1,-2,1,2,-2,-2,7
512,-2,-2,-1,-1,-1,-2,-1,2,-2,-2,-2,-1,1,-1,-2,-1,1,1,-2,1,2,2,1,-1,-1,1,1,2,1,-1,3
513,-2,-2,-1,-1,-1,-2,-1,2,2,1,-1,-1,-1,-1,1,1,1,-1,-2,-2,2,-2,-2,2,2,1,-1,1,2,2,2
514,-2,-2,-1,-1,-1,-2,2,1,-2,2,2,-1,-2,-1,-1,2,2,-2,1,1,2,-1,2,-1,2,1,1,1,1,-2,6
515,-2,-2,-1,-1,-1,-2,2,1,2,2,2,-2,1,-2,-2,-1,-1,-1,-2,1,-2,1,2,2,-1,-1,-2,1,-2,2,3
516,-2,-2,-1,-1,-1,-1,-2,1,-1,-1,1,-1,1,1,2,-2,2,2,1,-2,-1,-2,1,-1,-2,-1,1,-2,2,-1,4
517,-2,-2,-1,-1,-1,-1,1,2,-2,2,1,-1,1,1,1,-2,2,2,2,-2,-2,1,1,-2,1,1,2,1,-2,1,4
518,-2,-2,-1,-1,-1,-1,2,-1,-2,2,2,-1,1,2,-1,-2,2,-2,1,-2,-1,2,-2,2,-2,-2,-2,-1,2,1,4
519,-2,-2,-1,-1,-1,1,-2,1,-2,2,1,-2,1,1,-1,2,2,-1,2,1,2,2,1,-2,-2,1,-2,2,-1,2,5
520,-2,-2,-1,-1,-1,1,-2,1,2,2,2,-2,2,-1,2,2,-2,-1,-1,2,1,1,1,-2,1,-2,2,1,-1,-2,4
521,-2,-2,-1,-1,-1,1,-2,2,2,1,-1,-2,-1,2,2,2,-1,2,2,2,-2,1,-1,2,2,2,2,-1,-2,1,5
522,-2,-2,-1,-1,-1,1,1,-1,2,-2,1,2,-2,1,2,-2,1,-2,2,-1,-2,1,-1,2,-2,-1,1,-2,1,1,3
523,-2,-2,-1,-1,-1,1,2,-2,1,-1,1,2,-1,-1,2,1,-1,-1,-2,-2,-1,-2,1,-2,-1,-2,1,2,-2,1,4
524,-2,-2,-1,-1,-1,1,2,-1,1,1,2,1,-2,-2,-1,-2,-1,2,-2,-2,1,-2,1,-2,1,2,1,2,-2,1,1
525,-2,-2,-1,-1,-1,1,2,2,-1,2,1,-1,-2,-2,2,1,2,-1,2,2,-1,-2,2,-2,-2,-1,1,-2,2,-2,4
526,-2,-2,-1,-1,-1,2,-2,2,-2,-1,2,2,2,2,-2,-2,-2,1,-2,1,-1,-2,-2,2,2,-1,1,-1,2,-1,5
527,-2,-2,-1,-1,-1,2,-2,2,1,-2,-1,-1,-1,2,2,1,-1,-1,-1,-1,2,-1,-2,2,-1,-2,2,-1,-2,-1,6
528,-2,-2,-1,-1,-1,2,-1,-2,-2,2,1,-2,-1,-1,-2,2,-2,-2,-2,-1,1,-2,-1,-1,1,-2,2,1,1,1,7
529,-2,-2,-1,-1,-1,2,-1,2,-1,-1,-2,-1,2,1,1,-1,1,2,-2,1,-2,1,-2,-2,-2,1,2,-1,-1,1,5
530,-2,-2,-1,-1,-1,2,-1,2,-1,2,-1,1,2,-1,-1,1,2,1,1,-2,1,1,2,2,2,-2,1,2,1,1,3
531,-2,-2,-1,-1,1,-2,-2,-1,-2,2,-2,1,-1,-1,2,-2,1,-1,2,-2,1,-2,-1,-1,-2,1,-1,-1,1,-2,6
532,-2,-2,-1,-1,1,-2,-2,2,-1,1,-1,-2,2,-2,-1,-2,-1,-2,-1,-1,1,1,-2,2,-1,-1,-2,-1,-1,-1,8
533,-2,-2,-1,-1,1,-2,-2,2,2,-2,-2,-1,1,-1,2,-2,-2,-2,-2,-2,1,2,-2,1,1,-1,1,-1,2,-2,4
534,-2,-2,-1,-1,1,-2,-1,-2,-2,2,2,-2,-1,-2,-1,-2,-2,2,2,2,1,1,1,-2,1,2,2,-2,1,1,1
535,-2,-2,-1,-1,1,-2,-1,2,1,-1,-1,-2,-1,-1,-2,2,1,-1,2,-2,1,2,1,-2,-2,1,-2,-2,-2,-1,5
536,-2,-2,-1,-1,1,-2,1,-2,2,1,1,-1,-1,2,-1,-1,2,2,-2,1,-1,2,2,1,-1,-2,2,-2,-1,2,3
537,-2,-2,-1,-1,1,-2,1,-1,2,-1,2,2,-2,1,-2,-1,1,-1,1,1,1,2,-2,2,2,2,-2,1,2,1,2
538,-2,-2,-1,-1,1,-2,1,-1,2,2,2,-1,2,-2,2,1,-1,2,-1,-1,1,-2,-1,-1,-2,2,2,-1,1,1,3
539,-2,-2,-1,-1,1,-2,2,1,-1,1,-2,-2,1,-1,-2,-2,-2,-1,1,-1,-1,2,-1,1,1,-2,-2,-2,2,-1,5
540,-2,-2,-1,-1,1,-1,-2,2,2,2,1,2,2,-2,2,2,-2,-1,1,-1,-1,-1,-1,1,1,1,1,-1,-2,2,2
541,-2,-2,-1,-1,1,1,-2,-2,-2,2,-1,-2,-2,-2,-2,1,-1,-1,2,2,1,2,2,1,-2,-2,2,-2,1,1,4
542,-2,-2,-1,-1,1,1,-2,1,-2,-2,-2,-1,1,2,2,1,1,1,2,2,-2,-1,-1,-1,-2,-2,2,1,1,2,4
543,-2,-2,-1,-1,1,1,-2,1,-2,-1,-2,-1,1,-2,-2,1,1,2,2,1,2,2,-2,2,1,1,2,-2,2,-2,3
544,-2,-2,-1,-1,1,1,-2,1,-1,2,2,1,-2,-2,2,1,2,1,1,-2,1,-2,1,-2,2,2,1,-2,-2,1,2
545,-2,-2,-1,-1,1,1,-2,2,1,-1,2,-2,1,-2,-2,-2,-2,2,-2,1,-2,1,2,1,-1,-1,1,2,1,-2,5
546,-2,-2,-1,-1,1,1,-1,-1,1,1,-2,-1,-2,1,-2,-1,1,-1,-1,2,2,2,-1,1,-2,2,1,-2,1,-2,4
547,-2,-2,-1,-1,1,1,-1,-1,1,1,2,1,2,-2,-2,1,-2,-2,-2,-2,2,-1,2,-1,-1,2,-2,2,1,1,3
548,-2,-2,-1,-1,1,1,2,-2,-2,-2,1,-2,-1,1,2,2,2,2,1,1,2,-1,2,-2,-2,-2,1,1,-1,-1,4
549,-2,-2,-1,-1,1,1,2,-2,-2,2,2,2,-1,-2,-1,-1,1,2,2,2,1,1,-1,1,-1,-2,1,-2,2,1,3
550,-2,-2,-1,-1,1,1,2,-1,-2,-2,2,-1,-1,2,1,-2,2,2,-2,-2,2,1,-2,-2,-2,2,2,1,-2,-1,2
551,-2,-2,-1,-1,1,1,2,2,-2,1,-2,2,-1,-1,2,-1,1,2,2,-2,-1,2,-2,2,-2,-2,-2,-2,1,-1,4
552,-2,-2,-1,-1,1,2,-2,-2,2,1,-2,-2,2,1,-2,1,1,-2,-1,2,2,-2,1,-1,1,1,2,2,-1,1,3
553,-2,-2,-1,-1,1,2,-2,-1,-2,-1,-1,-1,1,2,-2,-2,-2,2,2,-1,-1,1,-1,-2,-2,-1,1,2,1,1,4
554,-2,-2,-1,-1,1,2,-2,-1,-1,-1,-2,-2,-2,1,1,1,-1,-1,-1,1,-2,1,-2,2,-1,1,2,1,2,2,4
555,-2,-2,-1,-1,1,2,-2,2,2,1,-1,-2,1,2,1,2,1,2,2,-1,-1,-2,1,2,-2,-1,2,-2,2,-1,3
556,-2,-2,-1,-1,1,2,1,-2,2,-1,-2,2,2,2,1,2,-2,1,-1,1,1,2,1,-2,1,2,2,-2,2,-1,3
557,-2,-2,-1,-1,1,2,1,-1,-1,1,1,-1,2,1,-2,-1,2,2,2,2,-1,-1,-1,-1,1,1,2,1,2,-1,3
558,-2,-2,-1,-1,1,2,1,2,-1,2,1,1,-2,-2,1,2,-1,1,1,1,1,-2,2,-1,2,-2,1,-2,1,-2,2
559,-2,-2,-1,-1,2,-2,-2,-1,-1,1,-1,-2,1,-2,-2,-2,2,-1,2,1,2,-2,2,-1,2,1,-2,1,1,2,2
560,-2,-2,-1,-1,2,-2,1,-2,-2,-1,1,1,-2,-1,2,-1,2,-2,1,-1,-1,-2,2,1,1,-2,2,1,-2,1,4
561,-2,-2,-1,-1,2,-2,1,-2,1,1,2,-1,-1,1,1,1,-2,-1,2,-2,2,-2,-1,1,2,-2,2,-2,-1,-2,2
562,-2,-2,-1,-1,2,-2,1,-1,-2,-1,-2,1,1,1,-1,1,-2,2,-1,-1,2,1,2,2,1,-1,-1,2,2,-1,3
563,-2,-2,-1,-1,2,-2,1,-1,1,-2,-1,1,-1,2,2,1,-1,-1,-2,-2,2,2,2,-1,-1,2,-1,-2,-1,2,3
564,-2,-2,-1,-1,2,-2,1,-1,1,-1,1,-1,2,-1,1,1,-1,-1,-2,-1,-2,1,-1,-1,1,2,1,-1,2,1,2
565,-2,-2,-1,-1,2,-2,1,2,2,2,-2,1,-2,1,-1,-2,-1,1,-2,1,-2,-1,1,-1,1,1,-1,1,2,-1,5
566,-2,-2,-1,-1,2,-2,2,-2,1,1,-1,-1,2,2,-1,1,2,2,-1,-2,1,-1,2,2,2,2,1,-1,-2,-1,4
567,-2,-2,-1,-1,2,-2,2,1,-2,1,1,-1,-2,-2,-2,-1,-2,1,-1,-1,-2,-2,-1,-2,-1,-2,-2,-2,2,-1,8
568,-2,-2,-1,-1,2,-1,-2,1,-1,2,1,-2,2,2,2,-2,-2,1,-2,-1,-2,-1,-1,-1,-2,-1,1,2,-1,1,4
569,-2,-2,-1,-1,2,-1,-1,-1,1,1,-2,1,2,1,-1,1,-1,1,-1,2,-2,2,2,1,1,1,-2,-2,-1,-1,3
570,-2,-2,-1,-1,2,-1,1,-2,2,1,1,1,-2,1,-1,-1,2,2,1,2,-2,1,-2,2,1,-2,1,-2,1,1,6
571,-2,-2,-1,-1,2,-1,1,-1,-2,-1,1,2,-2,2,-1,1,-1,2,-1,2,-1,-1,-1,-1,1,1,-2,1,-2,-2,4
572,-2,-2,-1,-1,2,-1,1,-1,2,-2,-1,-1,-2,2,-2,1,-2,2,2,-1,1,-1,1,-2,-1,1,-2,-1,-1,-1,5
573,-2,-2,-1,-1,2,-1,2,-1,-1,1,-2,-2,2,-1,-2,-1,-2,-1,-2,2,-1,2,-1,1,-1,2,-2,-2,1,1,5
574,-2,-2,-1,-1,2,-1,2,2,2,2,1,2,2,-1,2,-1,2,-2,-1,1,2,-1,1,1,1,1,1,-1,1,-1,5
575,-2,-2,-1,-1,2,1,-2,-1,-2,1,-1,1,2,-1,-2,-2,-1,-2,1,-2,-1,1,-2,1,-2,-2,2,2,-2,2,4
576,-2,-2,-1,-1,2,1,-1,2,2,1,1,2,-2,2,2,-1,1,-1,2,2,-1,-2,-2,2,2,2,-2,-2,-2,-2,4
577,-2,-2,-1,-1,2,1,2,-2,-2,1,-2,-1,1,1,2,2,-1,1,-2,-1,2,-1,-2,-2,1,1,2,-1,-1,1,3
578,-2,-2,-1,-1,2,1,2,-2,2,-2,-1,1,1,2,1,-2,2,-2,-2,-2,2,-2,-2,-1,1,1,2,-1,-1,-2,4
579,-2,-2,-1,-1,2,1,2,2,-1,-2,-1,-2,1,-2,-2,1,-2,-2,2,-1,2,2,-2,2,-1,-2,2,-2,-2,1,5
580,-2,-2,-1,-1,2,2,-2,-2,-1,-2,1,1,-2,1,-2,1,-2,-1,2,-2,2,-2,-2,1,2,-2,-2,1,-1,2,3
581,-2,-2,-1,-1,2,2,-1,-1,-1,2,1,-2,2,2,-2,-1,-1,1,-2,-1,-1,-2,2,1,2,2,-1,-2,-2,-1,6
582,-2,-2,-1,-1,2,2,2,-2,1,1,2,2,-1,-2,-2,1,1,2,2,1,-1,2,1,-2,-1,-2,2,2,1,1,3
583,-2,-2,-1,-1,2,2,2,2,-1,2,-1,-2,1,2,-2,-1,2,-1,1,-1,1,-1,-2,1,2,-2,2,-2,2,2,2
584,-2,-2,-1,1,-2,-2,-2,-2,-2,2,-1,1,2,2,-2,-1,1,-1,-1,-1,-2,-2,-2,2,-2,2,-2,1,2,1,4
585,-2,-2,-1,1,-2,-2,-2,-2,-2,2,1,-1,-2,2,-2,2,2,-1,-1,1,2,1,2,-1,-1,1,2,-2,2,-2,2
586,-2,-2,-1,1,-2,-2,-2,-2,-1,-2,1,-2,1,-1,2,-1,2,2,-2,1,-2,2,1,-1,1,1,2,-1,1,-2,4
587,-2,-2,-1,1,-2,-2,-2,-2,2,-2,-1,-2,-2,1,1,2,2,1,-2,1,-2,-1,-2,2,-1,1,2,2,2,1,7
588,-2,-2,-1,1,-2,-2,-2,1,-2,-1,1,-1,2,1,1,1,1,1,-1,-2,-1,1,2,-2,-1,-2,1,2,2,2,4
589,-2,-2,-1,1,-2,-2,-2,2,1,2,-2,-1,-2,-2,-1,-2,1,-2,2,1,-1,-1,-1,-1,1,-1,2,1,-1,1,4
590,-2,-2,-1,1,-2,-2,-1,1,2,2,-1,-1,-1,-1,-1,1,-2,1,-2,1,1,1,-2,1,-1,1,-2,-1,-1,2,3
591,-2,-2,-1,1,-2,-2,-1,2,-2,1,-2,1,-2,-1,-2,-1,1,-1,-2,1,2,-1,-1,1,-1,-1,1,-2,1,2,6
592,-2,-2,-1,1,-2,-2,1,-2,1,1,-1,2,2,2,-2,1,-2,-2,1,-2,1,1,-2,-2,1,2,-1,-1,1,1,4
593,-2,-2,-1,1,-2,-2,2,2,2,2,2,1,-1,-1,-2,-2,1,-1,1,2,2,-1,-1,-1,-2,2,2,-2,1,2,4
594,-2,-2,-1,1,-2,-1,-1,-1,-1,-2,1,-1,-1,2,2,-2,2,2,-2,2,-2,-2,-1,2,-2,-1,1,-2,1,2,4
595,-2,-2,-1,1,-2,-1,1,-1,-1,-1,-2,-2,2,2,1,1,2,2,-1,-2,2,-1,-1,1,-1,-1,2,-1,2,1,6
596,-2,-2,-1,1,-2,-1,1,-1,2,-1,1,2,1,-2,1,-2,-1,-2,-2,2,2,-2,2,1,-2,1,-2,-2,2,-2,6
597,-2,-2,-1,1,-2,1,-2,-1,1,2,-1,1,1,2,2,1,-2,-1,-2,2,2,-1,2,1,-2,1,1,1,-2,1,6
598,-2,-2,-1,1,-2,1,-2,-1,2,1,-2,2,-1,2,-2,-2,-1,-2,-2,-2,-2,2,2,-2,1,2,-1,-1,-1,-1,7
599,-2,-2,-1,1,-2,1,-1,-1,-1,-2,-2,1,-1,-1,1,-2,2,1,1,-2,-2,1,-2,-1,2,-1,-2,2,-2,2,6
600,-2,-2,-1,1,-2,1,1,2,1,-2,1,-2,-1,1,-2,2,2,-1,-1,-1,-2,-1,-2,-1,2,1,2,1,1,1,4
601,-2,-2,-1,1,-2,1,2,-1,1,2,1,1,2,1,-2,-1,-2,2,-1,2,1,2,-1,1,-2,1,-1,-1,2,-1,3
602,-2,-2,-1,1,-2,2,-2,2,-2,-2,-2,2,2,-2,1,1,-2,1,-2,-1,-1,1,-1,2,2,-1,1,1,2,1,6
603,-2,-2,-1,1,-2,2,1,2,-1,-2,-2,2,-2,-1,-1,-1,2,2,2,1,-2,1,1,-1,2,-2,1,1,1,-2,8
604,-2,-2,-1,1,-2,2,1,2,2,2,1,-1,2,2,-2,2,-2,2,2,-1,1,-1,1,1,-1,1,-1,2,2,-1,5
605,-2,-2,-1,1,-1,-2,-2,1,-2,-2,1,1,2,-2,2,-1,-1,1,2,-1,-2,-2,1,-1,-2,1,-2,-2,2,2,7
606,-2,-2,-1,1,-1,-2,-1,1,-2,-2,-2,-2,2,2,2,1,2,-1,2,1,2,1,1,2,-2,2,2,2,-2,1,2
607,-2,-2,-1,1,-1,-2,1,1,1,1,2,-1,2,-1,-2,2,-1,-1,-1,-1,2,2,1,-2,2,-2,2,-2,1,1,4
608,-2,-2,-1,1,-1,-2,1,2,2,-1,-2,-1,1,2,-1,-2,1,-2,-1,2,-2,-2,-1,-2,2,-2,-1,1,1,2,3
609,-2,-2,-1,1,-1,-2,2,1,2,2,1,-2,2,2,-2,-2,1,1,2,1,-1,-2,-1,-1,-1,-1,-1,1,-2,-1,2
610,-2,-2,-1,1,-1,-2,2,2,1,-2,2,-1,2,1,1,-2,1,2,2,-2,1,2,1,1,-1,1,-1,-2,-2,-1,1
611,-2,-2,-1,1,-1,-1,-2,-2,2,-2,-2,-1,-1,-2,1,1,1,-2,-1,-2,1,-2,2,1,2,-2,2,1,2,-1,3
612,-2,-2,-1,1,-1,-1,-1,-1,2,-1,-1,2,-2,-2,2,-1,1,-1,1,-2,1,-2,1,2,-1,1,2,1,2,-1,2
613,-2,-2,-1,1,-1,-1,1,1,-2,1,-1,-2,2,2,-2,-1,2,2,-2,-1,-2,2,1,-1,-1,2,2,1,-2,1,5
614,-2,-2,-1,1,-1,-1,1,2,2,2,2,-1,-2,-1,1,-2,2,1,-1,1,-2,1,1,1,1,1,-2,-1,-1,-1,6
615,-2,-2,-1,1,-1,1,-2,1,1,2,-2,-2,2,2,-1,-1,2,-1,2,-2,-2,-2,1,-2,-2,-2,1,-1,1,-1,5
616,-2,-2,-1,1,-1,1,-2,2,1,2,2,2,-2,2,1,1,-2,-1,1,-1,1,1,-1,2,2,2,-1,1,2,-1,3
617,-2,-2,-1,1,-1,1,-1,-2,-1,-1,-2,-2,-2,1,2,-1,1,-1,1,1,-2,-1,1,-2,-1,1,-1,-2,-1,1,5
618,-2,-2,-1,1,-1,1,-1,-2,-1,2,-2,-2,-1,2,2,-1,2,1,-2,1,1,-1,-1,2,-1,2,-2,2,1,2,1
619,-2,-2,-1,1,-1,1,-1,-2,2,-1,-2,2,-2,-1,1,2,-2,2,-1,-2,-1,-2,-2,-1,1,-1,1,2,1,-2,4
620,-2,-2,-1,1,-1,1,-1,-1,2,-1,2,-1,-2,1,2,-2,1,2,-2,-2,-2,-2,-1,-2,-1,-2,1,1,1,1,7
621,-2,-2,-1,1,-1,1,-1,2,1,-2,1,1,2,1,2,2,2,1,2,1,-2,2,-2,-2,1,2,2,-2,1,-1,6
622,-2,-2,-1,1,-1,1,1,-1,1,2,1,2,1,1,-1,-1,-1,2,1,2,1,-1,-2,-1,2,2,-2,2,1,-1,2
623,-2,-2,-1,1,-1,1,2,1,1,-1,-2,2,-2,1,-1,-1,2,2,1,1,-2,-1,1,1,-1,-1,-2,2,-2,-2,3
624,-2,-2,-1,1,-1,2,-2,-2,-2,2,-1,-1,1,-2,1,-2,1,2,-2,2,1,-2,-1,2,2,2,1,-2,2,-1,1
625,-2,-2,-1,1,-1,2,-2,1,-2,1,2,-1,-1,-1,1,-1,-1,-2,-1,2,1,-2,1,2,-1,2,-1,1,2,2,3
626,-2,-2,-1,1,-1,2,-2,1,-1,1,1,1,1,-1,1,-1,1,2,-1,2,-2,-2,-1,-2,-1,1,2,2,-2,2,2
627,-2,-2,-1,1,-1,2,-1,-1,2,-2,-2,1,-2,1,1,1,-2,1,-2,-2,1,2,1,2,1,1,-2,2,-1,1,3
628,-2,-2,-1,1,-1,2,-1,1,-1,-1,-2,-2,-1,-1,-2,-1,-1,2,-2,2,2,2,-2,-1,-2,2,-2,2,2,-2,5
629,-2,-2,-1,1,-1,2,-1,2,1,1,-2,-2,-1,2,-2,-2,2,-2,-2,2,1,-1,-1,-2,-1,1,1,-1,-2,-1,4
630,-2,-2,-1,1,-1,2,1,-2,-1,-2,-1,-2,-2,1,-1,-1,1,1,-2,2,-1,2,2,2,2,-1,1,-2,-2,1,2
631,-2,-2,-1,1,1,-2,-1,-2,1,2,-1,1,-1,-2,1,2,2,1,-2,2,-1,-2,1,2,-1,2,2,1,-2,-2,2
632,-2,-2,-1,1,1,-2,-1,-2,2,2,-2,1,1,1,2,1,1,1,-2,1,-2,-2,1,1,-2,-2,-2,1,2,-1,3
633,-2,-2,-1,1,1,-2,-1,1,2,-1,-1,-1,-1,2,1,2,1,-2,2,2,2,2,2,-2,-1,2,2,1,2,2,5
634,-2,-2,-1,1,1,-2,2,-1,2,1,2,2,2,-1,-1,-2,2,2,2,-2,2,2,-2,-1,2,2,-2,-1,-2,2,5
635,-2,-2,-1,1,1,-1,-2,2,1,-2,-1,-1,1,-2,-2,-2,-1,1,-2,-2,-1,1,-1,2,2,1,-1,-1,1,-2,4
636,-2,-2,-1,1,1,-1,-1,-2,-1,2,1,1,-2,1,-1,-1,2,2,1,2,-1,1,-1,2,-1,-1,-1,-2,-2,1,4
637,-2,-2,-1,1,1,-1,-1,1,2,-1,-2,2,-2,2,2,1,-1,-1,2,1,-2,1,2,-2,2,1,-2,1,-2,-2,4
638,-2,-2,-1,1,1,-1,-1,1,2,2,2,2,-2,1,-1,2,2,-2,-1,2,1,-1,-2,2,-2,-2,2,1,1,-1,1
639,-2,-2,-1,1,1,-1,1,1,-2,2,-2,-1,-2,-2,-1,-2,-1,1,1,-2,-1,2,-2,2,-1,-1,2,-2,-1,-2,7
640,-2,-2,-1,1,1,-1,1,2,-1,-1,2,1,1,2,1,2,1,-2,1,-1,-1,2,2,2,-2,-2,2,-1,-1,-1,5
641,-2,-2,-1,1,1,-1,1,2,-1,2,1,-2,-1,-2,-1,-2,2,-1,2,1,2,-2,1,1,-1,2,2,1,1,-1,7
642,-2,-2,-1,1,1,1,-2,-2,-2,-2,-1,2,2,1,2,2,1,-1,-1,-2,1,-2,1,-1,1,-2,1,2,-2,-1,3
643,-2,-2,-1,1,1,1,-2,-2,1,-2,-2,-2,2,-2,1,2,2,2,2,2,-1,2,-2,2,1,-2,-2,1,-2,-2,10
644,-2,-2,-1,1,1,1,-2,-1,-1,1,-2,-1,-1,2,2,-1,-1,1,2,1,-1,-1,1,-1,-1,-2,2,1,-2,2,4
645,-2,-2,-1,1,1,1,-2,1,-2,-2,1,-2,-1,1,2,1,-1,1,-1,-1,-1,-1,-2,-1,2,-1,1,-1,-1,-1,4
646,-2,-2,-1,1,1,1,-1,-2,-2,-2,1,2,-2,2,2,2,2,2,-1,2,-2,1,-1,-1,-2,-1,2,2,-2,1,6
647,-2,-2,-1,1,1,1,-1,-2,1,-2,1,2,2,2,2,1,2,1,-1,-1,2,1,-2,2,1,-2,2,2,-2,-1,3
648,-2,-2,-1,1,1,1,1,-2,1,-2,2,2,-1,-2,1,2,-1,2,1,1,2,-2,1,-2,2,-1,1,-2,-1,-1,5
649,-2,-2,-1,1,1,1,1,2,1,-2,2,-2,-2,-2,-1,-1,-2,-1,1,-2,-1,2,2,1,-1,-2,-2,-1,1,2,2
650,-2,-2,-1,1,1,1,2,-1,1,2,-2,-1,2,-2,1,1,-1,1,-1,-2,-2,1,2,2,-1,2,-1,2,-2,1,3
651,-2,-2,-1,1,1,1,2,-1,2,1,-2,2,2,2,1,-2,2,2,1,-1,-2,-1,-1,2,-1,-2,2,1,-1,-2,3
652,-2,-2,-1,1,1,1,2,2,-2,-1,-1,1,-2,1,-2,1,1,2,1,-2,1,2,-1,-2,2,-1,2,-2,2,-2,3
653,-2,-2,-1,1,1,1,2,2,1,-2,-2,2,1,-2,-1,-2,1,2,-1,-2,-1,2,-2,2,1,2,1,-1,2,-1,1
654,-2,-2,-1,1,1,2,-2,-2,2,1,-2,1,2,1,-1,2,-2,1,-2,2,2,2,-2,-2,-1,2,2,-1,2,-1,5
655,-2,-2,-1,1,1,2,-2,1,-2,-2,2,-2,-2,-1,-2,1,2,-2,-1,1,2,2,2,-1,2,-1,2,2,1,-2,4
656,-2,-2,-1,1,1,2,-2,1,-1,-2,-1,-2,-2,-1,2,1,2,1,1,2,-2,-2,-1,1,-2,-2,-2,-1,-1,-2,4
657,-2,-2,-1,1,1,2,-2,1,2,1,1,1,1,2,-2,-1,-1,-2,-2,2,-2,2,2,-2,1,2,-2,-2,2,-1,3
658,-2,-2,-1,1,1,2,-1,-1,2,2,2,-2,-2,-1,-2,1,-2,2,-1,1,-1,-1,2,-2,2,-2,2,-2,-1,-2,3
659,-2,-2,-1,1,1,2,-1,1,2,1,-1,2,1,1,2,2,2,2,2,1,1,1,1,1,-1,-1,-1,-1,2,-2,5
660,-2,-2,-1,1,1,2,1,2,-2,-2,1,-1,-1,1,2,-1,1,-1,-2,-1,2,1,2,-1,-2,1,-2,2,2,-2,2
661,-2,-2,-1,1,1,2,2,-2,-2,-2,1,1,-2,-1,-2,-1,-1,1,1,-2,-2,1,1,2,-1,2,-2,-2,-2,1,2
662,-2,-2,-1,1,1,2,2,-1,-1,1,1,-1,-2,1,-2,-2,2,-1,1,-2,-2,-2,-1,2,-2,-2,-1,-1,-1,-1,7
663,-2,-2,-1,1,1,2,2,-1,-1,1,2,-2,-1,-1,2,2,-1,-2,1,-2,2,-2,2,1,-1,-1,-1,1,2,-1,3
664,-2,-2,-1,1,1,2,2,-1,1,1,-1,-1,-1,-2,1,-1,-2,-1,2,1,2,-2,2,2,2,-1,2,-1,-1,1,2
665,-2,-2,-1,1,2,-2,1,-2,1,1,-1,1,-2,1,2,2,-1,-1,1,-2,1,-1,1,1,1,-2,-1,-2,2,-2,4
666,-2,-2,-1,1,2,-2,1,-1,-2,-1,2,-2,-1,2,2,-1,1,-1,-1,2,2,2,1,-1,1,-1,1,1,1,1,5
667,-2,-2,-1,1,2,-2,2,-2,1,-1,2,1,1,-2,1,2,2,-2,1,-1,1,2,-1,2,2,2,1,-2,-2,-1,2
668,-2,-2,-1,1,2,-2,2,1,1,-2,-2,2,1,-1,-2,-1,-2,2,-1,1,1,-2,-2,-2,-1,2,2,-2,-2,1,4
669,-2,-2,-1,1,2,-1,-1,-2,-2,1,-2,-2,-2,-1,2,1,2,-2,-2,-2,2,2,1,-2,2,-2,-2,2,2,1,2
670,-2,-2,-1,1,2,-1,-1,-1,1,-2,2,1,2,1,-2,2,2,2,-1,2,1,1,-2,1,-2,-1,-1,-2,2,1,1
671,-2,-2,-1,1,2,-1,1,-1,1,-2,1,-1,2,2,2,-2,-1,-1,-2,1,1,2,-2,-2,-2,2,-2,-2,2,2,3
672,-2,-2,-1,1,2,-1,1,1,-2,-2,-2,-2,2,1,1,1,1,2,-2,-1,-2,-1,-2,-2,2,2,1,-1,1,1,4
673,-2,-2,-1,1,2,-1,1,1,-2,2,2,2,-2,2,2,1,2,-2,-1,-1,-2,2,1,2,-1,1,1,-2,-1,1,4
674,-2,-2,-1,1,2,1,-2,1,1,-1,2,-1,2,-1,1,1,-2,2,-1,2,2,-2,-2,2,-1,1,1,1,2,2,3
675,-2,-2,-1,1,2,1,1,-1,2,-1,-1,2,1,2,1,1,1,-1,1,1,-2,-1,-2,1,1,-1,1,-1,-2,-1,3
676,-2,-2,-1,1,2,1,1,2,2,-1,-1,1,-1,-2,-2,1,1,2,-1,-1,-1,-2,2,2,1,-2,2,-1,-2,-1,3
677,-2,-2,-1,1,2,1,2,2,1,1,2,-2,1,2,1,-1,-2,-2,1,-2,2,2,-2,-1,-2,-1,-2,-2,-1,-2,3
678,-2,-2,-1,1,2,2,1,-2,1,1,2,-1,1,-1,-2,1,-2,2,1,2,-1,-1,-1,1,1,-1,-1,1,1,1,2
679,-2,-2,-1,1,2,2,2,-2,2,1,2,1,-1,1,1,1,2,-2,2,-1,1,2,2,-1,-1,1,-1,1,1,1,5
680,-2,-2,-1,1,2,2,2,-1,-2,1,-2,-2,-2,-1,1,-1,-2,-2,-2,2,-2,1,1,-2,1,2,2,-1,-1,1,2
681,-2,-2,-1,1,2,2,2,-1,-2,1,1,-2,-2,-2,-2,1,1,1,-2,-2,-1,1,2,2,-1,1,-2,-1,-2,-2,6
682,-2,-2,-1,1,2,2,2,-1,-2,2,-1,-1,-1,-2,-2,-2,2,2,1,1,-1,-1,-1,-1,-1,-2,-2,-1,2,2,6
683,-2,-2,-1,1,2,2,2,-1,2,-2,1,-1,1,-2,2,-1,-2,-1,-2,-2,-1,2,-2,2,-1,-2,-1,2,2,1,2
684,-2,-2,-1,1,2,2,2,2,-1,-2,-1,-1,-2,-1,-2,1,-2,2,-2,-1,-2,-2,-2,2,-1,2,2,-2,1,-2,4
685,-2,-2,-1,2,-2,-2,-2,1,-2,2,-2,2,-1,2,2,-1,-1,-1,-1,1,2,1,2,2,1,-2,1,1,-2,-2,3
686,-2,-2,-1,2,-2,-2,-1,2,-1,-1,-2,1,1,2,2,2,-1,1,2,2,1,-2,1,-1,-2,-2,-1,-1,1,1,5
687,-2,-2,-1,2,-2,-2,2,-2,-1,1,-1,1,-1,2,2,-2,2,2,-1,2,2,2,1,2,-2,-2,2,2,2,-1,3
688,-2,-2,-1,2,-2,-2,2,1,2,2,1,2,1,-2,-2,-2,2,2,1,2,-2,1,-1,-2,1,1,-1,-1,-2,-2,2
689,-2,-2,-1,2,-2,-1,-1,2,2,1,-1,-2,-1,1,1,2,-1,2,2,1,-1,1,-2,-2,2,-2,-1,-2,2,-2,2
690,-2,-2,-1,2,-2,-1,1,2,-1,1,2,-1,-2,-2,1,2,-2,-1,-1,-1,2,-1,-2,-1,-1,-2,1,-2,1,-1,7
691,-2,-2,-1,2,-2,-1,2,2,2,-1,1,-1,2,-1,2,1,-1,2,-1,1,2,1,-1,-2,-1,-1,-1,2,-1,-2,2
692,-2,-2,-1,2,-2,1,-2,-2,-2,1,1,2,-2,-2,-1,-2,2,-2,-1,-1,2,2,-1,1,1,1,2,-1,-1,1,6
693,-2,-2,-1,2,-2,1,-2,-2,1,1,2,-1,2,1,-2,-2,1,2,2,-1,2,2,-1,2,-1,-1,1,-2,-1,-1,5
694,-2,-2,-1,2,-2,1,-2,-1,-2,2,2,-2,-1,1,-1,2,-1,2,-2,1,-1,-1,-1,1,2,-1,1,2,1,1,3
695,-2,-2,-1,2,-2,1,-2,-1,-1,1,-1,1,2,-1,1,-2,1,-1,1,2,2,1,-1,2,-1,2,2,-1,2,-2,2
696,-2,-2,-1,2,-2,1,-2,-1,2,-1,-1,-2,1,1,1,2,1,-1,-2,2,-2,1,1,-1,1,2,-2,2,1,-1,4
697,-2,-2,-1,2,-2,1,-2,2,2,-2,-1,-2,-1,-2,-2,1,-2,-1,1,2,-1,2,2,-2,-1,-2,-1,2,2,-1,4
698,-2,-2,-1,2,-2,1,-1,-1,-2,2,1,-2,-2,1,1,2,2,-2,-1,2,1,2,-1,1,1,2,-2,1,-1,1,3
699,-2,-2,-1,2,-2,1,-1,1,-1,-1,1,1,1,1,1,-1,2,-1,2,1,-2,-2,-2,1,-1,2,-2,-1,-2,2,3
700,-2,-2,-1,2,-2,1,2,-2,1,-1,-1,-1,-2,-2,1,1,-2,-2,-2,-2,-1,1,2,-1,2,2,-2,2,1,2,4
701,-2,-2,-1,2,-2,1,2,-2,1,2,-1,-1,-2,1,1,-2,-2,1,1,2,2,2,-2,-2,2,-1,1,2,2,-1,5
702,-2,-2,-1,2,-2,1,2,-1,2,-1,2,1,-1,-1,-2,1,2,2,2,-1,1,2,-1,-1,-2,2,-1,1,1,2,3
703,-2,-2,-1,2,-2,2,-2,-2,-2,2,-1,2,1,2,-2,2,1,-1,1,1,-2,-2,-2,-1,1,2,2,-2,1,1,4
704,-2,-2,-1,2,-2,2,-2,2,1,-2,2,1,2,-1,-2,-2,-1,1,-2,2,1,2,-1,2,2,2,-2,2,1,-2,5
705,-2,-2,-1,2,-2,2,-1,2,1,-1,-2,2,2,2,-1,-2,-2,2,-2,1,-2,1,-1,2,1,-1,-1,2,-1,-1,2
706,-2,-2,-1,2,-2,2,-1,2,1,2,-1,1,-2,1,-2,-1,1,-1,-2,-2,-2,-2,-1,2,-2,1,-1,-2,1,-2,4
707,-2,-2,-1,2,-2,2,-1,2,1,2,2,-2,2,-1,1,-1,1,-1,-2,2,-2,-1,-2,-1,1,2,-1,-1,2,1,3
708,-2,-2,-1,2,-2,2,2,-1,-2,-1,-2,1,-2,-1,1,2,-2,-1,-1,-1,-2,-2,-2,1,-1,1,1,2,2,-2,6
709,-2,-2,-1,2,-1,-2,-1,2,-1,-1,2,-1,-2,2,-1,-1,1,1,1,-2,1,2,2,2,1,1,2,-1,2,-2,4
710,-2,-2,-1,2,-1,-2,1,2,2,-2,-2,1,2,2,-1,-1,1,1,1,2,1,2,2,1,1,-1,1,2,2,1,7
711,-2,-2,-1,2,-1,-2,2,-1,-2,-1,2,1,1,2,2,1,1,-1,2,2,-1,-1,2,2,2,2,-2,-1,-2,1,3
712,-2,-2,-1,2,-1,-2,2,2,1,-1,1,1,-1,-2,2,-1,-2,-2,-1,1,-1,1,-2,1,-2,-1,1,2,-2,1,2
713,-2,-2,-1,2,-1,-1,-2,1,-1,-2,2,-2,-1,-2,2,2,1,2,-2,2,-2,1,1,2,-1,1,1,-1,-1,-1,4
714,-2,-2,-1,2,-1,-1,-1,-1,2,-2,2,-1,1,-1,2,1,2,2,-2,-2,2,-1,1,1,1,1,2,2,2,-1,5
715,-2,-2,-1,2,-1,-1,-1,2,-2,-1,1,1,1,-2,-2,2,1,-1,-2,2,-1,-2,1,2,-2,1,-2,2,-1,1,2
716,-2,-2,-1,2,-1,-1,-1,2,-1,-2,1,2,-2,-1,-2,2,-2,-1,-1,2,1,-2,-2,-1,-2,2,1,1,1,1,7
717,-2,-2,-1,2,-1,-1,2,-2,-2,1,-2,-2,1,2,1,2,-2,-2,-1,2,-1,-1,1,-1,-1,1,1,-2,2,-1,3
718,-2,-2,-1,2,-1,1,-2,-2,2,1,2,1,-2,1,-1,2,-1,-1,-2,1,-1,2,-1,-2,-2,1,1,2,-2,2,1
719,-2,-2,-1,2,-1,1,-2,-1,-1,2,-1,-1,2,2,1,1,-2,1,-1,2,-2,1,2,-2,1,-1,1,2,-2,1,2
720,-2,-2,-1,2,-1,1,-2,-1,2,2,-1,2,2,2,1,-1,2,2,1,-2,-2,1,2,-2,1,2,1,-1,-1,2,6
721,-2,-2,-1,2,-1,1,-1,-2,2,-2,2,-2,-1,-2,1,2,-2,1,-1,2,-1,-2,-1,1,2,2,1,-2,-2,2,4
722,-2,-2,-1,2,-1,1,-1,1,1,2,1,-1,-1,-1,-1,1,-1,2,-1,1,2,-1,1,1,-1,-1,1,2,1,-1,2
723,-2,-2,-1,2,-1,1,-1,1,2,-2,2,-2,1,-1,-2,2,2,-1,1,1,1,-1,2,2,-1,-1,-1,1,-1,-1,3
724,-2,-2,-1,2,-1,1,-1,2,-1,2,-2,-2,-2,2,1,1,1,2,2,-2,1,-1,-1,-2,-2,-1,-2,2,2,-1,4
725,-2,-2,-1,2,-1,1,1,-2,1,-1,1,1,-1,-2,-2,1,-1,-2,2,-2,-2,-2,-1,1,-2,-2,1,2,2,-1,7
726,-2,-2,-1,2,-1,1,1,1,1,-1,-2,1,-2,-1,-2,-2,2,2,1,-1,2,-1,1,-2,1,-1,-1,2,-1,-1,2
727,-2,-2,-1,2,-1,1,2,1,1,-1,-2,1,2,2,2,-1,-2,-1,2,-2,1,2,-1,-1,-2,-2,1,-1,2,-1,5
728,-2,-2,-1,2,-1,2,-2,2,2,2,2,-1,2,-2,1,1,-2,2,2,-2,2,-2,-2,-1,2,1,1,1,-1,-2,3
729,-2,-2,-1,2,-1,2,-1,1,2,1,2,1,-2,2,2,2,-2,1,1,1,-1,2,1,1,-2,1,-1,-2,-2,2,5
730,-2,-2,-1,2,-1,2,1,-1,2,2,-1,-2,-1,2,-1,-2,2,2,2,1,2,-2,-1,-1,1,-2,2,-2,-1,2,3
731,-2,-2,-1,2,1,-2,1,2,2,2,1,1,-1,-1,-1,-1,1,2,-2,1,2,-2,1,2,2,2,-2,-1,-2,-2,3
732,-2,-2,-1,2,1,-1,-2,-2,-2,1,1,-2,-2,2,-1,2,2,-1,-2,2,-1,2,-1,-1,-2,1,-2,-1,2,2,5
733,-2,-2,-1,2,1,-1,-2,-1,-2,-1,1,2,-2,1,-1,-2,2,-2,2,-1,-2,1,-1,2,-1,1,-1,2,1,1,2
734,-2,-2,-1,2,1,-1,1,-2,2,-2,1,-2,-1,-1,-2,2,-2,-1,-2,-1,2,1,-2,-2,-2,1,2,-2,-1,2,6
735,-2,-2,-1,2,1,-1,1,-1,2,2,2,1,-1,1,1,2,-2,-1,2,2,1,-2,-2,1,2,2,1,-1,2,-2,3
736,-2,-2,-1,2,1,-1,1,2,-2,-2,1,1,2,-2,1,-1,-1,-1,1,-1,-2,1,-2,-2,1,-2,-1,1,-1,2,4
737,-2,-2,-1,2,1,-1,2,-1,-1,-1,-2,-2,2,-2,2,-2,-2,1,2,2,1,-1,-2,2,-1,2,2,-1,1,2,3
738,-2,-2,-1,2,1,-1,2,2,-2,1,-2,-2,1,1,-1,-1,-2,1,-1,-1,1,-1,2,-1,-2,2,-1,-1,-2,1,5
739,-2,-2,-1,2,1,1,-2,-2,1,-1,-1,1,1,-2,-2,2,1,2,1,-1,2,-1,-1,-1,2,-2,1,1,1,-2,2
740,-2,-2,-1,2,1,1,-2,1,1,-2,1,1,2,1,-2,1,-1,-2,-2,2,1,-1,1,1,2,-1,1,2,-2,-2,4
741,-2,-2,-1,2,1,1,-1,-2,1,-1,2,1,-1,-1,1,-1,2,1,-1,1,2,-2,-2,1,1,1,-1,2,2,2,2
742,-2,-2,-1,2,1,1,-1,1,1,2,2,-2,2,-1,1,-2,2,-2,2,-1,2,2,-2,2,1,2,1,-1,-1,2,3
743,-2,-2,-1,2,1,1,-1,2,-2,-2,-2,-1,-1,2,-1,1,-1,1,-2,1,-1,2,1,-2,2,-2,-1,-1,-1,-1,6
744,-2,-2,-1,2,1,1,1,-1,2,-1,-2,-2,1,-1,-1,2,-2,1,2,-2,-1,-1,2,-2,-1,-2,1,-1,2,-1,5
745,-2,-2,-1,2,1,2,-2,-2,1,-2,1,1,2,1,2,2,1,-1,1,1,1,-2,2,-2,2,-2,-1,2,-2,1,5
746,-2,-2,-1,2,1,2,-1,-1,-2,2,2,-1,-2,2,2,2,2,-1,-1,-1,1,-2,1,2,2,2,1,-2,2,2,4
747,-2,-2,-1,2,1,2,1,1,2,-2,-2,-1,2,2,-1,-2,-2,2,-2,2,-2,-1,2,1,1,2,2,-2,2,-1,7
748,-2,-2,-1,2,1,2,2,-1,1,2,-2,-1,-1,1,-2,-2,-1,-2,-1,-1,-1,-1,-1,1,-1,-1,1,2,1,1,5
749,-2,-2,-1,2,1,2,2,-1,2,-1,2,2,-1,-2,-1,1,-2,1,-2,2,-1,1,1,2,-1,-1,2,-1,-2,-2,3
750,-2,-2,-1,2,2,-2,-2,-2,2,2,-1,1,-1,-2,1,-2,1,1,2,-2,2,-1,1,-1,1,2,2,-1,-1,2,2
751,-2,-2,-1,2,2,-2,-2,-1,2,1,-1,-2,1,-2,-1,2,-2,1,-1,-2,2,-2,2,1,2,-2,2,-2,2,-1,2
752,-2,-2,-1,2,2,-2,-2,1,-2,-2,1,1,2,1,-1,2,1,-1,-2,1,-2,1,-1,1,2,2,-2,-2,2,1,3
753,-2,-2,-1,2,2,-2,-2,1,-2,-1,2,-1,-1,2,-2,1,-2,1,-1,2,2,1,-1,-2,-2,1,-2,2,2,2,3
754,-2,-2,-1,2,2,-2,1,-2,-2,-2,2,-2,2,1,2,-1,-1,-2,-2,2,-2,-2,-1,-1,1,1,-2,1,-1,-1,4
755,-2,-2,-1,2,2,-2,1,2,-1,-1,1,2,-2,-1,2,2,-1,2,-1,1,-1,1,2,2,2,2,-2,2,1,-1,4
756,-2,-2,-1,2,2,-2,2,-1,2,-2,-1,2,-2,2,2,-1,-2,2,-1,2,-2,1,-2,1,-2,1,-1,-2,-1,-2,7
757,-2,-2,-1,2,2,-2,2,1,-2,1,-1,-2,1,2,-2,2,2,2,1,2,2,2,2,2,1,-1,-2,-1,2,-1,7
758,-2,-2,-1,2,2,-1,-2,-2,2,-1,-2,1,1,-1,2,-2,1,-2,1,-1,-1,-2,-1,-2,2,1,2,2,1,1,3
759,-2,-2,-1,2,2,-1,-2,-1,-2,-2,-2,-1,1,-2,1,2,2,-2,-2,-2,-2,1,-2,1,-2,1,-1,-1,2,-2,7
760,-2,-2,-1,2,2,-1,-2,-1,-1,2,-1,-2,1,-2,1,-1,1,-1,2,-2,1,-2,-1,-2,-1,1,2,1,1,1,2
761,-2,-2,-1,2,2,-1,-1,-2,1,2,2,-1,2,2,1,1,2,2,1,-1,2,-1,2,-1,-2,-1,2,1,2,-2,4
762,-2,-2,-1,2,2,-1,1,2,1,-1,2,-2,1,1,2,-1,-1,-2,2,-2,-1,2,1,2,-2,-2,2,2,-1,-1,4
763,-2,-2,-1,2,2,1,-1,1,-2,2,1,-2,1,-2,1,-2,2,-2,-1,2,-2,-1,-2,-1,-2,1,2,-1,2,-2,4
764,-2,-2,-1,2,2,1,-1,1,-1,-1,-1,-1,2,-1,-1,-2,-1,1,1,-2,-2,2,-1,-2,-1,-2,-1,-2,-2,1,6
765,-2,-2,-1,2,2,1,2,-2,1,2,2,1,2,-2,-2,-2,1,-2,1,2,1,-1,1,1,1,-2,-1,-1,-2,-2,7
766,-2,-2,-1,2,2,1,2,1,2,2,1,-1,1,2,1,1,-1,1,-1,2,-1,2,-2,2,2,2,1,-2,1,-1,7
767,-2,-2,-1,2,2,2,-2,-2,-1,2,1,-2,-2,2,-2,2,2,2,2,-2,1,1,1,1,-1,2,-1,-2,-1,-2,4
768,-2,-2,-1,2,2,2,-2,-1,2,-1,-2,-2,-1,-2,-1,-1,1,1,2,2,-2,1,2,1,-2,2,2,1,-2,-2,3
769,-2,-2,-1,2,2,2,-1,-2,1,1,-1,-1,-1,-1,1,-2,-2,-1,-2,2,2,1,2,2,-1,-1,-1,1,2,1,5
770,-2,-2,-1,2,2,2,-1,-1,2,-2,2,2,1,1,1,-2,1,-1,1,2,-2,-1,-1,-2,1,1,-1,1,1,-1,3
771,-2,-2,-1,2,2,2,1,-1,1,2,2,-1,1,-1,1,1,2,2,1,2,1,2,-1,1,1,-1,-2,-1,1,-2,4
772,-2,-2,-1,2,2,2,2,-1,-2,-1,1,2,-1,2,2,1,-2,1,2,-1,1,2,2,-1,1,2,-1,-2,-1,1,6
773,-2,-2,-1,2,2,2,2,-1,1,2,-1,-1,2,-1,-1,-1,1,2,-1,2,2,-1,2,-2,2,2,-2,1,-1,1,7
774,-2,-2,-1,2,2,2,2,-1,2,2,1,1,-2,2,-1,2,-1,1,-1,2,-2,1,-1,1,2,-2,-1,-2,-1,2,3
775,-2,-2,-1,2,2,2,2,1,-2,-2,2,-1,2,-2,-1,1,-2,-1,1,-1,-2,2,2,-1,1,1,1,-1,1,1,5
776,-2,-2,1,-2,-2,-2,-2,-2,1,1,2,1,2,2,-2,-1,1,-2,-2,2,1,1,2,2,2,1,-1,-2,-2,2,5
777,-2,-2,1,-2,-2,-2,-2,2,-1,-2,2,2,1,-1,2,-2,-2,2,2,1,1,2,1,-2,1,-2,2,1,-1,1,5
778,-2,-2,1,-2,-2,-2,-1,-1,1,-1,-2,1,-1,-1,2,1,-1,-2,1,1,1,1,-1,-1,-2,-1,1,1,1,2,4
779,-2,-2,1,-2,-2,-2,2,-2,-2,2,2,1,1,2,2,2,2,-2,-1,-1,-1,2,-2,-2,-1,2,-2,1,1,-2,5
780,-2,-2,1,-2,-2,-1,-2,1,1,-1,-1,1,1,-2,1,1,-2,2,-2,1,-2,-2,-2,-1,-2,-2,1,-2,1,2,3
781,-2,-2,1,-2,-2,-1,-2,1,2,1,-1,1,2,-2,1,1,-2,1,-2,2,1,1,2,1,-2,2,1,1,-1,-2,2
782,-2,-2,1,-2,-2,-1,-2,2,1,-2,2,-1,2,1,1,-2,2,1,1,-2,1,2,2,2,-1,2,1,-2,-2,-2,7
783,-2,-2,1,-2,-2,-1,1,-1,1,-2,-2,1,1,-1,1,-1,2,-2,2,2,-1,-2,-1,-1,2,2,2,-2,2,-1,2
784,-2,-2,1,-2,-2,-1,1,2,-2,2,2,1,-2,2,1,1,1,-2,1,1,1,1,1,-2,-1,2,-2,1,-1,2,5
785,-2,-2,1,-2,-2,-1,2,-2,2,2,-1,-1,-2,1,2,2,1,-1,2,-1,-2,1,2,1,-1,-1,-2,2,1,2,4
786,-2,-2,1,-2,-2,-1,2,-1,-1,1,1,-1,-1,-1,2,-1,-1,1,2,-1,-1,-2,2,-2,2,-2,1,-2,-1,2,4
787,-2,-2,1,-2,-2,1,-2,-1,-2,-1,-2,1,-1,2,-2,2,1,2,1,2,1,-1,2,-1,1,2,-1,-1,-2,-2,4
788,-2,-2,1,-2,-2,1,-2,1,1,2,-1,2,1,-1,2,2,2,1,-2,-2,-1,2,-2,-2,2,2,-1,-1,2,1,7
789,-2,-2,1,-2,-2,1,-2,1,1,2,1,2,-1,2,-2,-2,1,1,-2,1,2,2,-2,-2,-1,-2,1,-2,1,1,5
790,-2,-2,1,-2,-2,1,1,-1,-2,-2,-1,1,-1,1,-1,-1,-1,1,1,-1,2,-1,2,1,-2,-1,2,2,1,-1,4
791,-2,-2,1,-2,-2,1,1,-1,-1,2,-1,2,-1,1,2,2,1,-1,1,-2,-2,1,-2,-2,-2,1,-1,-1,-2,-1,3
792,-2,-2,1,-2,-2,1,1,-1,2,-1,-2,1,2,-2,1,2,2,-1,-2,2,1,-1,-1,-1,2,1,1,1,-1,-1,4
793,-2,-2,1,-2,-2,1,1,1,2,-2,1,-1,1,-1,-2,2,2,-2,2,-1,1,2,1,-1,-2,1,1,-2,2,-2,3
794,-2,-2,1,-2,-2,1,1,1,2,-1,1,2,2,2,2,-2,2,1,-2,-1,2,-1,1,-1,-1,1,-2,-2,1,1,6
795,-2,-2,1,-2,-2,1,2,1,-2,-2,-2,1,2,-1,1,1,-1,2,-1,1,2,-1,2,2,1,-2,-1,1,2,-1,3
796,-2,-2,1,-2,-2,1,2,1,-2,-1,-1,1,-2,1,-2,-2,-2,1,-2,-2,-1,-2,1,1,2,-2,2,2,2,-2,4
797,-2,-2,1,-2,-2,2,-2,-2,1,-1,2,-2,-1,-1,2,-2,-1,-1,2,1,-2,1,2,-1,-1,-1,-2,2,-2,-1,7
798,-2,-2,1,-2,-2,2,-1,2,-2,1,-2,-1,1,2,1,2,1,1,2,1,-1,1,-1,-2,-1,-2,-2,1,1,-2,4
799,-2,-2,1,-2,-2,2,-1,2,2,2,1,1,-1,-2,2,1,1,-2,-1,-2,-2,-2,1,2,-2,1,1,1,-2,1,3
800,-2,-2,1,-2,-2,2,1,-2,2,2,2,-2,2,1,2,2,1,-1,1,2,-2,2,-2,-1,-2,2,2,1,-2,-2,4
801,-2,-2,1,-2,-2,2,2,-2,-2,1,-2,-1,-1,1,-1,-1,1,-1,2,2,-2,1,2,2,-2,-2,1,-1,-2,1,6
802,-2,-2,1,-2,-2,2,2,-1,2,-1,2,-2,2,-2,2,1,-2,-2,-1,-1,-1,1,1,-2,2,1,-2,-2,2,1,3
803,-2,-2,1,-2,-1,-2,-1,-2,1,1,-2,-2,-1,-1,1,-2,-2,-1,-1,1,-2,1,2,-2,2,-1,2,-1,-1,-1,6
804,-2,-2,1,-2,-1,-2,-1,-1,2,2,2,-1,-2,-1,1,2,-1,-2,-2,1,-1,-1,-2,-1,2,-1,1,-2,-1,1,5
805,-2,-2,1,-2,-1,-2,2,-1,-2,1,2,2,1,-1,2,2,1,-2,-1,-2,2,-2,-1,1,-2,2,-1,2,-2,2,3
806,-2,-2,1,-2,-1,-2,2,1,-2,1,-2,1,1,2,1,1,1,-1,-1,-2,-2,-2,2,2,2,1,2,2,2,2,3
807,-2,-2,1,-2,-1,-1,-1,-2,-1,-1,-2,-1,1,1,2,-2,-2,1,2,-1,1,2,2,-2,1,-1,2,1,1,2,3
808,-2,-2,1,-2,-1,-1,-1,-1,-1,2,-1,2,-1,-2,1,-1,1,-2,2,2,1,1,1,2,1,-2,2,2,-2,-1,3
809,-2,-2,1,-2,-1,-1,-1,-1,2,2,-2,-1,2,1,-1,-1,-2,2,-2,2,-1,2,1,-1,2,-2,-1,-1,-2,2,4
810,-2,-2,1,-2,-1,-1,1,-1,1,-1,2,-2,2,-1,2,1,2,-2,2,-2,1,-1,2,-2,-1,-1,2,-1,2,1,3
811,-2,-2,1,-2,-1,-1,1,-1,1,2,-2,1,-2,1,2,2,1,-2,-2,2,1,-2,-1,2,1,1,-2,-2,1,-1,4
812,-2,-2,1,-2,-1,-1,2,-2,-2,1,2,-2,2,2,-1,-2,1,1,-1,-2,1,-2,2,2,-1,-1,-2,-2,-1,1,5
813,-2,-2,1,-2,-1,-1,2,-2,2,1,2,1,1,1,-2,-2,-1,1,-2,-2,2,2,-2,-2,-1,2,-2,-2,-1,-1,5
814,-2,-2,1,-2,-1,1,-2,-2,1,1,2,2,1,1,-1,2,-2,-2,-2,2,2,2,1,2,-1,-1,-1,-2,2,-1,4
815,-2,-2,1,-2,-1,1,-2,2,-2,1,2,1,1,-2,1,1,2,1,-1,-1,-2,-1,-1,1,2,2,1,2,-1,-2,3
816,-2,-2,1,-2,-1,1,-1,-2,-2,-1,1,-1,1,-2,-1,1,-1,-2,2,1,-2,-2,2,2,2,1,2,-2,2,1,1
817,-2,-2,1,-2,-1,1,-1,2,2,-1,1,2,1,1,-1,-2,-2,-1,1,1,-2,1,-1,-1,-2,1,1,-2,-2,1,7
818,-2,-2,1,-2,-1,1,1,-2,2,-1,-1,1,-1,2,2,-2,-2,2,1,-2,-2,1,1,-2,-1,2,-2,-2,-2,1,4
819,-2,-2,1,-2,-1,1,2,-1,-1,1,-1,-1,1,2,2,1,-1,-2,2,1,-1,1,2,-1,2,-2,1,-2,-1,-1,3
820,-2,-2,1,-2,-1,2,-2,-1,2,-2,1,-1,2,-1,1,-1,2,-2,1,2,-1,1,-1,-2,-1,1,1,-1,1,2,3
821,-2,-2,1,-2,-1,2,-2,1,-2,2,-1,-2,2,-1,-2,-2,1,2,1,-1,-2,1,1,1,2,-1,2,2,-1,1,2
822,-2,-2,1,-2,-1,2,-1,-2,-1,-1,2,-1,-2,1,2,-2,-1,-2,-2,1,-2,-1,1,2,2,-1,-2,1,1,-2,4
823,-2,-2,1,-2,-1,2,1,1,-2,-2,-1,-1,-1,1,-2,-2,2,2,-1,-2,-1,-1,-1,1,-2,-2,1,-2,2,-1,5
824,-2,-2,1,-2,-1,2,2,-2,1,-1,-2,-2,-2,1,1,-2,2,-2,-1,-2,1,1,1,-2,-1,-2,-2,1,-2,1,3
825,-2,-2,1,-2,-1,2,2,1,2,-2,1,-2,2,1,-1,2,1,-1,-2,1,-1,-2,-2,-1,2,-1,-1,-1,1,-1,2
826,-2,-2,1,-2,-1,2,2,1,2,2,-2,-2,-2,2,1,-1,2,2,-2,-1,-1,-1,1,1,2,-2,1,1,-1,1,3
827,-2,-2,1,-2,-1,2,2,2,-2,2,-1,-1,1,1,2,2,-2,-1,1,-1,-2,2,1,1,-2,-1,1,-2,-2,1,6
828,-2,-2,1,-2,1,-2,-2,-2,-1,-2,2,1,-1,1,-2,1,2,2,1,-2,-2,1,1,2,-1,-2,2,1,1,-2,4
829,-2,-2,1,-2,1,-2,-2,-1,-2,-1,-2,1,1,-1,2,1,1,-2,1,2,-1,1,-1,-1,1,-1,1,-1,-2,2,4
830,-2,-2,1,-2,1,-2,-1,1,2,-2,2,1,1,1,-1,1,-2,-1,-2,-1,-1,-1,-2,-2,-2,2,-2,-1,-2,1,4
831,-2,-2,1,-2,1,-2,-1,2,1,-2,1,-1,1,2,2,-2,2,1,2,1,1,2,-2,-2,2,1,-1,-1,1,1,5
832,-2,-2,1,-2,1,-2,2,-2,-1,2,-1,-2,-2,2,2,1,-1,-1,1,1,-1,-2,-1,-1,1,2,-1,-2,2,2,2
833,-2,-2,1,-2,1,-1,-1,-1,-1,-1,-2,-2,2,-2,-1,-1,2,-1,2,-2,1,2,-1,2,1,-1,1,2,1,-1,5
834,-2,-2,1,-2,1,-1,-1,-1,2,1,-2,-2,-2,-1,-1,-2,1,-2,-2,-1,-2,-1,-1,-2,-2,2,-1,-2,2,-1,8
835,-2,-2,1,-2,1,-1,1,-2,2,-2,1,-1,2,1,-1,-2,-2,-1,2,-2,-2,-1,-1,-2,1,-2,1,-2,-2,-2,5
836,-2,-2,1,-2,1,-1,2,1,1,1,-2,-1,2,-1,1,-1,-2,2,-1,1,2,-2,2,2,2,1,-2,-2,2,2,6
837,-2,-2,1,-2,1,1,-2,-1,1,1,-2,2,1,-1,1,1,1,1,-2,1,-2,2,2,2,1,1,1,1,-1,2,5
838,-2,-2,1,-2,1,1,-2,2,1,-1,-1,2,-1,1,2,-2,-1,2,-1,-1,-1,2,-1,-1,2,-2,1,-2,-1,-2,5
839,-2,-2,1,-2,1,1,-1,1,-1,2,1,1,-1,1,-1,1,-1,-1,-2,-2,-1,-2,-2,-1,2,2,-1,-2,-1,1,5
840,-2,-2,1,-2,1,1,-1,1,2,-2,-2,-1,1,1,-2,-1,-2,2,2,2,-2,-2,2,-1,2,1,2,2,-1,-1,2
841,-2,-2,1,-2,1,1,1,-2,2,-2,2,-1,-2,-2,-1,2,2,1,1,1,2,-2,1,2,2,1,2,-1,-2,2,5
842,-2,-2,1,-2,1,1,1,-1,-2,2,-1,-2,-1,1,2,-2,2,2,2,2,-2,-1,-1,-1,-1,2,-2,-2,1,2,3
843,-2,-2,1,-2,1,1,2,2,1,-2,2,1,1,-1,1,1,-2,2,-2,1,1,2,2,2,2,-1,-2,2,-1,1,5
844,-2,-2,1,-2,1,2,-2,2,-1,2,1,1,2,1,2,-2,1,2,1,2,2,1,-2,1,-2,-1,-2,1,1,-1,4
845,-2,-2,1,-2,1,2,1,2,-1,-2,-2,-2,1,1,-1,1,-2,2,1,1,-2,1,-2,-1,-2,-2,2,-2,-1,2,5
846,-2,-2,1,-2,1,2,1,2,1,2,1,-1,2,2,1,2,2,2,1,1,-1,1,1,2,1,-1,-1,-1,1,-1,6
847,-2,-2,1,-2,1,2,2,1,-2,1,1,-2,1,2,-1,2,1,2,1,1,-1,-1,-2,2,1,2,-2,-2,-1,-2,6
848,-2,-2,1,-2,1,2,2,2,1,-1,2,1,-2,1,1,2,2,1,2,2,-2,-1,-1,-1,-1,1,-1,-1,-1,2,8
849,-2,-2,1,-2,2,-2,-2,2,-1,2,-1,-2,1,-1,-2,-2,1,-1,-2,1,2,1,-1,-2,2,2,-2,-2,1,2,4
850,-2,-2,1,-2,2,-2,-1,2,2,1,-1,-2,-2,-1,-1,-1,-2,1,-2,2,-1,-2,-1,1,1,1,2,2,-2,-1,3
851,-2,-2,1,-2,2,-2,1,-2,-2,1,-2,1,1,-1,-1,2,-2,2,-1,-1,-2,-2,-1,2,1,2,2,1,-1,2,1
852,-2,-2,1,-2,2,-2,2,-2,2,-2,-2,1,1,-1,1,2,2,-2,2,-2,2,2,-2,1,2,2,-2,1,-1,2,2
853,-2,-2,1,-2,2,-2,2,2,1,1,-1,1,2,1,2,-1,-2,1,1,2,-2,-1,1,1,-2,-1,1,-1,-1,-1,3
854,-2,-2,1,-2,2,-1,-2,-2,2,-2,1,1,-2,-1,1,1,-1,-2,2,-1,-1,-1,1,-1,1,2,1,1,2,-2,5
855,-2,-2,1,-2,2,-1,-1,1,1,2,-1,-1,2,2,-1,1,1,-1,2,-1,1,2,1,2,2,2,-1,1,-1,-2,6
856,-2,-2,1,-2,2,-1,1,-2,2,-1,-1,2,-1,2,-1,2,-2,-2,-2,2,-2,2,-2,-1,2,-1,2,-1,2,-2,3
857,-2,-2,1,-2,2,-1,2,-2,2,-1,2,-2,2,-1,2,1,-1,-1,2,1,1,-1,1,-1,-1,2,1,1,-1,-1,2
858,-2,-2,1,-2,2,-1,2,-2,2,2,2,-2,-2,-1,-1,2,-1,-1,-2,1,-2,-1,2,2,-1,-1,-2,-1,1,-1,4
859,-2,-2,1,-2,2,1,-2,-1,2,2,-2,2,-1,1,-1,1,1,2,1,-2,-2,1,2,2,-1,-2,-1,2,-1,-2,6
860,-2,-2,1,-2,2,1,-1,1,-1,-1,-2,-2,-1,2,2,2,2,1,1,2,-1,-1,2,-1,-1,2,2,1,-1,-1,8
861,-2,-2,1,-2,2,1,-1,2,-1,-1,-2,2,1,-1,1,1,2,-2,2,1,2,-2,2,-1,2,1,-1,-2,1,-2,3
862,-2,-2,1,-2,2,1,1,1,2,-2,-2,2,1,1,-2,-2,-2,1,-1,-1,-2,1,1,1,-1,-2,1,-1,1,-2,4
863,-2,-2,1,-2,2,1,2,-2,-2,-2,1,-2,1,2,1,-1,-1,1,2,1,-1,-1,2,-2,2,2,-2,-2,-2,-1,5
864,-2,-2,1,-2,2,1,2,-1,1,2,-1,-1,-2,-1,-1,-1,1,1,2,1,-2,1,1,2,-2,1,2,2,1,-1,4
865,-2,-2,1,-2,2,2,-2,-2,1,-1,1,-2,-1,2,-1,2,-1,-1,1,2,-2,1,-2,1,-2,-2,2,-2,-2,-2,3
866,-2,-2,1,-2,2,2,-2,-2,1,-1,1,-2,1,2,2,1,-2,1,1,-2,-1,2,-2,-2,-1,-2,-2,-2,2,1,3
867,-2,-2,1,-2,2,2,-2,-1,-1,1,1,1,2,-1,1,1,2,1,-1,-1,-1,2,1,2,-2,2,-1,-2,2,-1,3
868,-2,-2,1,-2,2,2,-2,2,-2,2,-2,2,1,-2,1,-1,2,-2,2,2,-1,1,1,-1,2,2,2,2,1,2,4
869,-2,-2,1,-2,2,2,-2,2,1,1,-2,-2,-1,-2,-2,-2,-2,2,1,2,2,-1,-1,2,2,2,-2,2,-1,-1,5
870,-2,-2,1,-2,2,2,-1,-1,1,1,-2,-2,-2,1,-2,-1,2,-2,-1,-2,-1,1,-1,1,-1,-1,-2,-2,-1,-1,6
871,-2,-2,1,-2,2,2,1,-1,-1,-2,-1,1,-1,2,-2,-2,-1,1,2,2,-1,-1,1,2,-2,2,2,1,-2,-2,3
872,-2,-2,1,-2,2,2,1,1,-2,2,1,1,1,-1,1,2,-1,-1,-1,-1,2,2,-1,1,1,-2,-2,-2,-1,-1,4
873,-2,-2,1,-2,2,2,2,1,2,2,-1,2,2,2,2,2,1,-2,-2,1,1,2,1,-2,-2,-1,2,-1,-2,-1,3
874,-2,-2,1,-1,-2,-2,-2,-2,-2,-1,1,2,-2,-1,1,-1,-2,1,1,-2,-1,2,2,1,2,2,1,-2,-1,-1,3
875,-2,-2,1,-1,-2,-2,-2,-1,2,-2,-2,-1,-1,1,-2,1,-1,2,-1,1,-2,-1,2,2,1,-2,2,2,2,1,2
876,-2,-2,1,-1,-2,-2,-2,1,-2,-1,2,2,1,-1,1,-2,1,-1,-1,-1,-1,2,-1,-1,-2,2,-2,2,-1,1,4
877,-2,-2,1,-1,-2,-2,-2,1,1,-2,-1,2,2,-2,-1,2,2,2,-2,1,1,2,-2,-2,-2,1,1,-1,2,1,6
878,-2,-2,1,-1,-2,-2,-1,1,2,-2,-2,-2,-1,1,-1,-1,-2,1,1,-2,2,-1,1,2,-1,-2,-2,2,2,1,5
879,-2,-2,1,-1,-2,-2,1,-2,-1,-1,1,-2,-2,1,2,-2,1,-1,-1,-1,-2,-2,-2,1,1,1,1,1,1,-1,7
880,-2,-2,1,-1,-2,-2,1,-2,1,-2,-2,1,-1,-1,-2,-2,-1,1,-2,1,1,1,-1,-2,-2,2,2,-1,2,-2,4
881,-2,-2,1,-1,-2,-2,1,-1,-1,2,-2,-2,1,1,-1,-1,-1,-1,-1,1,-2,1,-2,-1,-2,2,-1,-1,1,-2,6
882,-2,-2,1,-1,-2,-2,2,-1,2,1,1,1,1,-1,-1,-1,-1,-2,1,-2,2,-2,-2,1,-2,-2,-2,1,-2,-1,4
883,-2,-2,1,-1,-2,-2,2,1,-2,-1,2,1,1,2,-2,1,-1,-2,-1,-2,1,2,-2,-1,-1,1,2,-2,1,-2,4
884,-2,-2,1,-1,-2,-1,-2,-1,2,1,-2,1,1,1,1,2,-1,1,-1,-2,1,1,-1,2,-1,2,2,2,-1,-1,4
885,-2,-2,1,-1,-2,-1,-1,1,-2,2,1,-2,1,-2,-2,-2,-2,-2,2,-2,-1,-1,1,1,1,-1,-1,-1,-2,1,7
886,-2,-2,1,-1,-2,-1,-1,1,-1,-2,1,-1,-1,2,2,2,2,2,2,2,1,1,-1,-2,-2,1,2,-1,1,-1,6
887,-2,-2,1,-1,-2,-1,-1,2,-2,-2,-1,-2,-1,-1,-2,-1,2,1,-1,2,-1,1,2,-2,2,-1,-1,-1,1,2,5
888,-2,-2,1,-1,-2,-1,1,1,-1,1,-2,2,-1,-1,-1,1,2,1,-2,-1,1,-2,-2,-2,-1,-2,-1,1,-1,-2,5
889,-2,-2,1,-1,-2,-1,2,-2,2,2,-1,1,-1,-2,-1,2,1,2,1,-1,2,-1,2,2,2,1,1,-1,-2,2,5
890,-2,-2,1,-1,-2,-1,2,-1,2,-1,-2,-1,-2,2,1,1,-1,1,-2,-2,-2,1,-2,-2,1,-1,1,1,2,1,4
891,-2,-2,1,-1,-2,-1,2,1,-2,1,2,1,-2,2,1,2,2,-2,-2,1,-2,-1,-2,2,-1,-1,-1,-1,-2,-1,3
892,-2,-2,1,-1,-2,-1,2,2,-2,-1,-1,-2,1,-1,-1,-1,-1,-1,-1,-1,-1,2,2,-1,-2,-2,1,-1,-1,2,7
893,-2,-2,1,-1,-2,1,-2,-1,1,-2,-2,-1,2,-1,2,-1,-2,-2,1,-1,2,-1,2,2,-2,1,-1,-2,2,-1,6
894,-2,-2,1,-1,-2,1,-2,1,-1,-2,2,1,-2,2,1,-2,2,2,-1,-1,-2,-1,2,-1,2,1,-1,1,-1,2,1
895,-2,-2,1,-1,-2,1,-2,1,-1,-1,1,2,-2,-2,2,-1,-1,-1,2,-1,-1,-2,-1,2,1,2,-1,1,-2,2,5
896,-2,-2,1,-1,-2,1,-2,1,1,-2,-1,1,-2,-1,1,1,-1,1,1,1,-1,1,-1,-2,-1,-1,1,-2,-2,2,2
897,-2,-2,1,-1,-2,1,-2,1,2,1,-1,-1,-2,1,1,-1,1,2,2,1,-2,1,-1,-1,-2,1,2,-2,-1,1,4
898,-2,-2,1,-1,-2,1,-1,-2,1,-1,-2,-1,1,1,-2,2,-1,-2,1,1,-2,1,-2,1,-1,1,-2,-1,-2,2,3
899,-2,-2,1,-1,-2,1,-1,2,-1,2,-1,1,1,1,2,-1,-2,1,1,-2,-2,2,-1,-1,-1,1,-2,1,-1,-2,6
900,-2,-2,1,-1,-2,1,-1,2,2,-2,-2,-2,-2,-1,2,-2,-1,-2,-2,-1,2,-1,1,1,2,-2,1,-2,-1,2,4
901,-2,-2,1,-1,-2,1,1,-2,2,-1,-1,1,-2,2,1,-1,-2,-1,2,-1,-2,1,2,1,2,1,-2,-2,1,1,6
902,-2,-2,1,-1,-2,1,1,1,-2,1,1,1,-2,-1,-1,1,-1,-1,2,2,-2,1,-2,-2,-2,-1,-1,-1,2,-1,7
903,-2,-2,1,-1,-2,1,1,2,-2,-2,-1,-1,-2,-2,-1,2,2,1,-1,-1,-2,1,1,-2,2,2,1,1,1,1,6
904,-2,-2,1,-1,-2,1,2,1,1,2,-1,2,-1,-2,-2,-2,-2,2,-1,-2,-2,-1,-2,-2,-2,1,2,1,1,2,2
905,-2,-2,1,-1,-2,2,-1,-2,-2,-1,1,2,1,1,1,-2,-1,1,1,1,1,-2,-1,-2,2,-1,-1,1,-1,1,3
906,-2,-2,1,-1,-2,2,-1,2,2,-2,2,1,2,-1,-1,-1,2,-1,-2,1,1,-2,-2,-2,-1,-2,-2,-2,1,2,3
907,-2,-2,1,-1,-2,2,1,-2,1,-2,-1,2,-2,1,-2,-2,1,2,1,-1,-1,2,2,1,2,2,-2,2,2,2,4
908,-2,-2,1,-1,-2,2,1,1,-2,-1,-1,2,2,1,1,-1,-2,2,-1,2,2,-1,1,-2,2,-2,-1,2,2,1,3
909,-2,-2,1,-1,-2,2,1,1,-1,1,2,-1,1,-1,-1,2,-1,-1,1,-2,2,1,1,1,-1,-1,2,-2,1,1,3
910,-2,-2,1,-1,-2,2,1,1,1,1,-2,2,-2,2,-2,1,-2,2,2,-1,-1,-1,2,2,-1,-2,-1,2,1,-1,6
911,-2,-2,1,-1,-1,-2,-2,-2,-2,1,-2,1,2,-1,-1,1,1,-2,2,-1,1,2,-2,2,1,-2,1,-1,2,-2,4
912,-2,-2,1,-1,-1,-2,-1,-2,-1,2,-1,1,-2,-2,1,1,-2,1,-1,1,2,2,-2,2,-1,1,1,-2,-1,-1,3
913,-2,-2,1,-1,-1,-2,-1,2,2,2,2,-2,-2,2,2,1,-1,-2,-2,1,-2,1,-1,2,1,2,-1,2,1,-1,2
914,-2,-2,1,-1,-1,-2,1,-2,2,1,2,-2,1,2,1,-2,2,-2,2,-1,-1,-1,1,1,-1,1,-2,2,-1,-2,1
915,-2,-2,1,-1,-1,-2,1,1,1,1,-1,-2,2,-1,1,2,1,2,-2,1,1,-1,1,1,-1,-1,-2,-1,-2,-1,1
916,-2,-2,1,-1,-1,-2,1,1,1,2,1,1,-2,-2,2,-1,2,-1,1,-1,2,2,2,-2,2,2,-2,-2,-1,1,3
917,-2,-2,1,-1,-1,-2,2,1,-2,1,-1,-1,-1,-1,1,2,2,-2,-1,2,1,-2,-1,-2,2,2,1,-1,1,1,3
918,-2,-2,1,-1,-1,1,-1,-2,2,1,1,-2,2,2,-1,2,2,-1,1,2,1,1,-2,-2,-2,-2,1,-1,1,2,3
919,-2,-2,1,-1,-1,1,-1,-1,2,2,2,-1,-2,2,-1,2,-1,-2,1,-2,1,1,2,-2,-2,1,-2,1,2,-2,5
920,-2,-2,1,-1,-1,1,1,1,2,-2,-2,1,2,-1,-2,1,-1,1,-2,-2,2,2,2,2,1,-2,-2,1,-1,1,5
921,-2,-2,1,-1,-1,1,1,2,2,-1,-2,1,2,1,-2,-2,-2,1,-2,1,-2,-1,2,2,-1,2,2,-2,1,2,5
922,-2,-2,1,-1,-1,2,1,2,2,-1,1,-2,1,1,-1,1,2,2,-1,-2,2,-1,-2,-2,-1,-1,1,2,2,2,3
923,-2,-2,1,-1,-1,2,2,-1,-1,-2,1,-1,-2,2,-2,-1,-2,2,-2,-1,-2,1,2,-2,-1,2,-2,-2,1,2,4
924,-2,-2,1,-1,-1,2,2,-1,-1,1,2,-1,2,2,-2,-2,-2,1,2,-1,2,1,2,1,-1,2,-1,-2,2,2,3
925,-2,-2,1,-1,-1,2,2,-1,2,-2,-1,1,2,-2,2,1,1,1,2,-1,1,-2,1,-2,-2,2,1,1,-2,2,4
926,-2,-2,1,-1,-1,2,2,1,-2,-1,1,-1,-2,-1,1,-1,-1,2,-1,2,1,-2,-2,2,-2,-2,2,1,-2,2,4
927,-2,-2,1,-1,1,-2,-2,-2,-2,-1,-2,-2,-1,-2,-1,-2,-2,1,2,-2,-2,1,2,2,-2,-1,-1,2,-2,-2,7
928,-2,-2,1,-1,1,-2,-2,-1,2,-1,-1,2,-1,-1,1,2,1,1,2,-1,2,1,-1,2,2,2,1,1,-2,2,4
929,-2,-2,1,-1,1,-2,-2,2,-2,2,-1,-1,1,2,-2,-1,-1,1,1,2,1,2,1,2,1,2,1,-1,-1,2,2
930,-2,-2,1,-1,1,-2,-2,2,-1,-1,2,-2,2,1,-1,1,-2,1,1,-2,1,1,2,1,2,1,-2,2,2,-1,6
931,-2,-2,1,-1,1,-2,-2,2,2,-1,2,2,1,2,1,1,2,2,-2,1,-2,-2,2,-2,2,2,2,1,1,-2,4
932,-2,-2,1,-1,1,-2,-1,-1,-2,2,2,-2,1,-1,1,-2,2,-2,1,2,1,-2,2,1,2,-2,-1,2,-2,1,2
933,-2,-2,1,-1,1,-2,1,-2,1,-2,2,1,2,2,2,-2,-1,1,-2,1,-1,-1,2,-1,-1,-1,-2,-2,-1,-1,5
934,-2,-2,1,-1,1,-2,1,2,2,1,1,1,2,1,2,-1,-1,1,-2,-2,2,1,-1,-1,2,1,2,-2,-1,-1,2
935,-2,-2,1,-1,1,-2,2,-2,1,1,-2,1,-1,1,-1,-1,2,1,2,-1,-1,-2,2,2,-2,-1,2,-2,-2,1,3
936,-2,-2,1,-1,1,-2,2,-1,-1,-1,2,1,-1,2,-2,2,1,-1,-1,1,1,-2,-2,1,1,1,-1,-1,-1,-1,2
937,-2,-2,1,-1,1,-1,-2,2,2,-2,2,-2,1,-2,2,-1,2,-2,1,-2,1,-2,2,1,2,-1,-2,-2,1,1,2
938,-2,-2,1,-1,1,-1,-2,2,2,1,-1,-1,-1,-2,-1,-1,-2,2,2,1,2,-2,-2,-2,1,1,2,-2,-1,-2,3
939,-2,-2,1,-1,1,-1,-1,-1,-2,-2,1,2,-2,-2,1,-1,-1,1,2,-2,-1,1,2,2,1,-1,1,-2,1,2,3
940,-2,-2,1,-1,1,-1,1,-2,1,1,-1,1,-1,2,-1,-1,2,1,1,2,1,-2,1,-1,2,2,-1,1,1,1,5
941,-2,-2,1,-1,1,1,-2,-1,-1,2,-1,-1,-2,-1,1,-2,1,-2,-1,2,-1,2,2,-2,1,-1,1,-2,2,1,6
942,-2,-2,1,-1,1,1,-2,-1,1,1,-2,-1,-1,1,2,-1,1,-2,1,-2,-1,2,2,1,2,-1,1,1,2,-1,3
943,-2,-2,1,-1,1,1,-1,-1,1,2,-2,-1,-2,2,1,2,-2,-1,-1,-1,2,-1,-2,-2,2,1,1,-1,2,1,1
944,-2,-2,1,-1,1,1,-1,2,1,1,1,-1,1,-1,-1,-1,-1,-1,1,-2,-2,2,-2,2,-1,1,-1,-2,2,2,1
945,-2,-2,1,-1,1,1,1,-2,-1,-2,-1,1,2,-2,-1,-1,2,2,-1,2,-1,-2,1,-2,-2,1,-2,1,-1,1,4
946,-2,-2,1,-1,1,1,2,-2,2,-2,-2,-1,1,-1,1,-2,2,1,2,-2,-2,1,-2,-2,-1,1,-1,-1,-2,1,4
947,-2,-2,1,-1,1,1,2,1,1,2,-2,2,2,1,2,2,-1,-1,-1,2,-2,1,1,-2,1,-2,-2,-1,1,1,3
948,-2,-2,1,-1,1,1,2,2,-1,-1,1,2,-2,-2,-2,-2,2,-1,2,-1,2,-1,2,-1,1,-2,2,-1,1,-1,3
949,-2,-2,1,-1,1,2,-1,-2,2,-2,-2,-1,-2,-1,1,1,-2,-2,2,-2,-2,1,-1,2,2,-1,-2,-2,-1,-2,5
950,-2,-2,1,-1,1,2,-1,2,-1,-1,-2,-1,-1,-2,2,2,-1,-1,1,1,-2,-1,1,-1,-2,-2,-1,-2,1,2,4
951,-2,-2,1,-1,1,2,1,-2,-2,1,1,-1,1,2,-1,2,-2,-2,2,-1,-1,2,2,-2,-2,2,2,-2,2,-2,2
952,-2,-2,1,-1,1,2,1,-1,-1,1,-2,-2,-2,2,2,2,1,-1,-1,2,2,1,2,1,2,2,-2,-2,1,-1,4
953,-2,-2,1,-1,1,2,1,2,-1,-1,-1,-1,1,-2,-1,1,-1,1,-1,-2,1,-2,-2,-2,-1,1,1,-2,2,2,4
954,-2,-2,1,-1,1,2,1,2,-1,1,1,1,1,-1,2,1,-1,2,1,-2,-2,2,2,2,-2,2,2,-2,-2,2,4
955,-2,-2,1,-1,1,2,2,-2,-1,-2,2,-1,-1,2,-2,2,1,-2,2,1,2,2,-2,-2,1,1,-2,-2,1,2,5
956,-2,-2,1,-1,1,2,2,-2,2,-2,-2,-1,-2,-2,2,-2,-1,-2,1,-1,-1,-2,-1,-2,-1,1,-2,2,-2,-2,6
957,-2,-2,1,-1,1,2,2,-1,2,-1,1,2,-1,2,1,-1,2,1,2,-2,2,-2,-2,1,-2,1,2,2,-2,-1,4
958,-2,-2,1,-1,1,2,2,1,-2,1,-2,2,2,-1,2,-2,2,-1,2,-1,1,2,-1,2,2,-1,2,-2,-1,-1,5
959,-2,-2,1,-1,1,2,2,1,-1,1,-2,-1,2,-2,-2,2,-1,-2,-2,2,1,-1,-2,1,-2,-1,-2,2,-2,1,4
960,-2,-2,1,-1,2,-2,-2,-2,-1,-2,2,1,1,1,1,-2,2,-1,-1,2,-1,-2,-1,2,-2,2,1,-1,2,2,1
961,-2,-2,1,-1,2,-2,-2,-2,2,-2,-2,-1,-1,-2,1,2,1,-1,2,1,2,-1,2,2,1,-1,-1,2,2,2,4
962,-2,-2,1,-1,2,-2,-2,-1,-1,1,1,-1,-1,-1,1,-1,-2,-2,2,-2,-1,2,-1,-1,-2,1,2,2,1,2,3
963,-2,-2,1,-1,2,-2,-1,-2,-1,1,1,-1,2,-2,2,-1,1,-1,2,1,1,1,2,1,-2,2,2,1,1,-1,2
964,-2,-2,1,-1,2,-2,-1,-1,2,1,2,1,-2,-1,2,1,-2,-2,-2,-1,1,-1,1,1,-2,-1,-2,2,-2,2,4
965,-2,-2,1,-1,2,-2,1,2,-1,-2,2,1,-1,2,-1,2,1,-2,-2,-1,-2,-2,2,2,-1,2,2,-1,-1,1,3
966,-2,-2,1,-1,2,-2,2,1,-1,2,2,1,1,-1,2,-2,1,-1,1,2,2,1,-1,-1,-1,-1,1,2,2,2,3
967,-2,-2,1,-1,2,-2,2,2,2,-1,-2,-1,-1,-1,2,2,-1,1,-2,2,-1,2,-2,1,2,-1,2,-1,-1,-2,2
968,-2,-2,1,-1,2,-1,-2,-2,-1,-2,2,-1,1,1,-1,-2,-2,2,1,-1,-2,2,-2,-2,-1,1,1,-1,2,2,3
969,-2,-2,1,-1,2,-1,-1,-2,-2,-2,-2,1,-1,2,-2,-1,2,-2,2,-2,2,-1,-2,2,2,1,2,2,1,1,5
970,-2,-2,1,-1,2,-1,-1,-2,-1,-1,-1,-1,-1,1,-1,2,2,-1,1,-2,-2,-2,-2,-1,-1,1,1,1,1,1,4
971,-2,-2,1,-1,2,-1,1,-1,-2,1,1,2,-2,-2,-1,1,-2,2,1,-2,1,1,1,1,-1,-1,-1,-2,-2,1,3
972,-2,-2,1,-1,2,-1,1,2,-2,-1,-1,1,1,1,1,-2,-2,1,2,2,2,1,-1,2,1,2,2,-2,1,-1,5
973,-2,-2,1,-1,2,-1,2,-2,-2,2,1,2,-1,-1,1,-2,-1,-1,-2,1,2,2,2,-1,-1,-1,1,-1,1,-2,2
974,-2,-2,1,-1,2,-1,2,1,-2,-2,2,1,1,2,2,2,-2,-1,-2,2,-1,-2,-1,2,-1,1,1,1,-1,-2,2
975,-2,-2,1,-1,2,1,-2,-2,1,-2,2,-1,-1,2,-1,1,-1,1,-1,1,2,2,1,2,-2,-2,-1,-2,1,2,2
976,-2,-2,1,-1,2,1,1,-1,1,1,2,-2,1,-2,-2,1,2,-1,2,1,-1,2,1,-1,-1,2,-1,-2,-2,-2,8
977,-2,-2,1,-1,2,1,1,1,-2,-1,2,2,2,-1,-2,1,2,-1,-1,-1,-1,-1,-1,-2,-1,-1,-1,1,-1,2,7
978,-2,-2,1,-1,2,1,2,-1,-1,-2,-2,-1,-1,2,2,-2,-1,2,1,2,1,-1,1,1,-2,-1,-2,2,-2,2,1
979,-2,-2,1,-1,2,1,2,-1,-1,-2,-1,1,2,-2,1,-1,1,2,2,2,-2,-1,-2,2,2,1,2,1,2,2,3
980,-2,-2,1,-1,2,1,2,-1,1,2,-1,-1,1,-2,1,-2,-2,2,2,2,-2,1,-1,-1,2,1,-1,-2,2,-2,2
981,-2,-2,1,-1,2,2,-1,2,-1,-1,1,-1,-1,1,-2,-2,-2,2,1,2,1,-1,2,1,2,1,-2,2,2,-2,3
982,-2,-2,1,1,-2,-2,-2,-2,1,1,1,-2,1,1,-1,-1,1,-2,1,1,-1,1,-1,-1,-2,-1,1,2,1,2,4
983,-2,-2,1,1,-2,-2,-2,-2,1,2,2,-2,2,-2,-1,1,1,-2,1,1,1,1,-1,1,-2,2,-1,-2,2,-2,6
984,-2,-2,1,1,-2,-2,-2,-1,2,2,-1,1,1,2,-2,2,2,-2,-2,-2,-1,-1,-2,-2,-2,-2,2,-2,-1,-1,5
985,-2,-2,1,1,-2,-2,-2,1,-2,-2,2,1,-2,-2,2,-2,2,-1,-1,2,1,-2,-2,-1,-2,1,2,-2,1,-1,3
986,-2,-2,1,1,-2,-2,-1,-1,-2,-1,1,-2,1,1,-2,-2,1,-1,-1,2,2,-2,-2,2,1,1,-1,-2,-1,2,3
987,-2,-2,1,1,-2,-2,-1,1,2,-2,-1,-1,2,1,1,2,2,1,-1,2,2,-1,-1,2,1,-2,-2,2,-2,-1,4
988,-2,-2,1,1,-2,-2,1,-2,-1,2,1,-2,1,-1,-2,-1,1,2,-1,2,-2,1,-1,-1,1,-2,1,-2,-1,-2,5
989,-2,-2,1,1,-2,-2,2,-2,2,1,-1,2,1,2,1,-2,-2,-2,-2,2,2,1,-1,-2,2,-1,-1,-2,-1,2,1
990,-2,-2,1,1,-2,-1,-1,-1,-1,-1,-1,1,2,-1,2,2,-2,-2,1,1,2,-1,-2,2,2,-1,-1,-2,-1,1,5
991,-2,-2,1,1,-2,-1,-1,2,1,-1,1,2,-1,2,2,2,2,1,-2,-1,2,2,1,-2,1,-2,2,-1,2,-1,4
992,-2,-2,1,1,-2,-1,1,-1,-2,-2,1,-2,2,2,-1,-1,-2,-2,2,-1,2,-1,2,-2,2,1,1,2,-2,1,3
993,-2,-2,1,1,-2,1,1,-2,-1,2,-2,2,-1,1,-2,1,-2,-1,-1,-1,2,-1,2,1,1,2,2,1,-1,-1,6
994,-2,-2,1,1,-2,1,1,-1,-2,-2,-2,-2,-1,1,1,2,-1,2,-1,2,2,1,2,-2,2,2,-1,-1,-2,1,4
995,-2,-2,1,1,-2,1,1,1,1,2,-2,2,1,-1,-1,2,-2,2,-1,-2,-2,1,-2,-1,1,1,1,2,2,1,5
996,-2,-2,1,1,-2,1,1,2,-2,1,-1,1,1,2,2,2,1,2,2,1,-1,2,2,-1,-1,2,-2,-1,-2,-2,5
997,-2,-2,1,1,-2,1,2,1,-1,2,2,2,1,1,1,-2,2,1,1,2,-2,-2,2,-2,1,1,-1,-1,-2,-2,9
998,-2,-2,1,1,-2,1,2,2,-2,-1,1,1,2,2,-2,-2,-2,1,-1,-1,-1,-1,-1,2,-1,-2,-1,2,2,2,1
999,-2,-2,1,1,-2,2,-2,-2,-2,2,-2,1,2,-1,2,2,1,-1,2,-1,-1,-2,2,-2,2,-2,-2,-1,1,1,5
1000,-2,-2,1,1,-2,2,-2,1,-1,2,1,2,1,1,1,-1,-2,1,2,2,2,-2,-2,1,2,1,2,-1,2,-2,4
